,detect_lat,detect_lon,vessel_length_m,source,detect_scene_row,detect_scene_column,is_vessel,is_fishing,distance_from_shore_km,scene_id,confidence,top,left,bottom,right,detect_id,vessel_class,scene_rows,scene_cols,rows,columns,chip_index,score
0,,,,manual,6189,11192,True,,,b1844cde847a3942v,LOW,,,,,,1,,,589,792,265,0.1
1,,,,manual,6206,11152,True,,,b1844cde847a3942v,LOW,,,,,,1,,,606,752,265,0.1
2,,,,manual,6258,11138,True,,,b1844cde847a3942v,LOW,,,,,,1,,,658,738,265,0.1
3,,,,manual,6222,11641,True,,,b1844cde847a3942v,LOW,,,,,,1,,,622,441,266,0.1
4,,,,manual,6223,11649,True,,,b1844cde847a3942v,LOW,,,,,,1,,,623,449,266,0.1
5,,,,manual,6216,11679,True,,,b1844cde847a3942v,LOW,,,,,,1,,,616,479,266,0.1
6,,,,manual,6226,11344,True,,,b1844cde847a3942v,LOW,,,,,,1,,,626,144,266,0.1
7,,,,manual,6241,11312,True,,,b1844cde847a3942v,LOW,,,,,,1,,,641,112,266,0.1
8,,,,manual,6246,11360,True,,,b1844cde847a3942v,LOW,,,,,,1,,,646,160,266,0.1
9,,,,manual,6259,11322,True,,,b1844cde847a3942v,LOW,,,,,,1,,,659,122,266,0.1
10,,,,manual,6262,11380,True,,,b1844cde847a3942v,LOW,,,,,,1,,,662,180,266,0.1
11,,,,manual,6272,11346,True,,,b1844cde847a3942v,LOW,,,,,,1,,,672,146,266,0.1
12,,,,manual,6281,11374,True,,,b1844cde847a3942v,LOW,,,,,,1,,,681,174,266,0.1
13,,,,manual,6282,11397,True,,,b1844cde847a3942v,LOW,,,,,,1,,,682,197,266,0.1
14,,,,manual,6263,11413,True,,,b1844cde847a3942v,LOW,,,,,,1,,,663,213,266,0.1
15,,,,manual,6228,11376,True,,,b1844cde847a3942v,LOW,,,,,,1,,,628,176,266,0.1
16,,,,manual,6312,11312,True,,,b1844cde847a3942v,LOW,,,,,,1,,,712,112,266,0.1
17,,,,manual,6313,11349,True,,,b1844cde847a3942v,LOW,,,,,,1,,,713,149,266,0.1
18,,,,manual,6296,11357,True,,,b1844cde847a3942v,LOW,,,,,,1,,,696,157,266,0.1
19,,,,manual,6316,11381,True,,,b1844cde847a3942v,LOW,,,,,,1,,,716,181,266,0.1
20,,,,manual,6305,11416,True,,,b1844cde847a3942v,LOW,,,,,,1,,,705,216,266,0.1
21,,,,manual,6187,11249,True,,,b1844cde847a3942v,LOW,,,,,,1,,,587,49,266,0.1
22,,,,manual,6196,11278,True,,,b1844cde847a3942v,LOW,,,,,,1,,,596,78,266,0.1
23,,,,manual,6172,11274,True,,,b1844cde847a3942v,LOW,,,,,,1,,,572,74,266,0.1
24,,,,manual,6163,11255,True,,,b1844cde847a3942v,LOW,,,,,,1,,,563,55,266,0.1
25,,,,manual,6149,11290,True,,,b1844cde847a3942v,LOW,,,,,,1,,,549,90,266,0.1
26,,,,manual,6224,11280,True,,,b1844cde847a3942v,LOW,,,,,,1,,,624,80,266,0.1
27,,,,manual,6188,11435,True,,,b1844cde847a3942v,LOW,,,,,,1,,,588,235,266,0.1
28,,,,manual,6208,11446,True,,,b1844cde847a3942v,LOW,,,,,,1,,,608,246,266,0.1
29,,,,manual,6221,11463,True,,,b1844cde847a3942v,LOW,,,,,,1,,,621,263,266,0.1
30,,,,manual,6212,11479,True,,,b1844cde847a3942v,LOW,,,,,,1,,,612,279,266,0.1
31,,,,manual,6221,11500,True,,,b1844cde847a3942v,LOW,,,,,,1,,,621,300,266,0.1
32,,,,manual,6232,11234,True,,,b1844cde847a3942v,LOW,,,,,,1,,,632,34,266,0.1
33,,,,manual,6241,11254,True,,,b1844cde847a3942v,LOW,,,,,,1,,,641,54,266,0.1
34,,,,manual,6271,11215,True,,,b1844cde847a3942v,LOW,,,,,,1,,,671,15,266,0.1
35,,,,manual,6301,11220,True,,,b1844cde847a3942v,LOW,,,,,,1,,,701,20,266,0.1
36,,,,manual,6293,11275,True,,,b1844cde847a3942v,LOW,,,,,,1,,,693,75,266,0.1
37,,,,manual,6284,11304,True,,,b1844cde847a3942v,LOW,,,,,,1,,,684,104,266,0.1
38,,,,manual,6310,11272,True,,,b1844cde847a3942v,LOW,,,,,,1,,,710,72,266,0.1
39,,,,manual,6180,11312,True,,,b1844cde847a3942v,LOW,,,,,,1,,,580,112,266,0.1
40,,,,manual,6147,11324,True,,,b1844cde847a3942v,LOW,,,,,,1,,,547,124,266,0.1
41,,,,manual,6204,11331,True,,,b1844cde847a3942v,LOW,,,,,,1,,,604,131,266,0.1
42,,,,manual,6180,11391,True,,,b1844cde847a3942v,LOW,,,,,,1,,,580,191,266,0.1
43,,,,manual,6209,11412,True,,,b1844cde847a3942v,LOW,,,,,,1,,,609,212,266,0.1
44,,,,manual,6218,11555,True,,,b1844cde847a3942v,LOW,,,,,,1,,,618,355,266,0.1
45,,,,manual,6220,11613,True,,,b1844cde847a3942v,LOW,,,,,,1,,,620,413,266,0.1
46,,,,manual,6308,11665,True,,,b1844cde847a3942v,LOW,,,,,,1,,,708,465,266,0.1
47,,,,manual,6298,11695,True,,,b1844cde847a3942v,LOW,,,,,,1,,,698,495,266,0.1
48,,,,manual,6285,11740,True,,,b1844cde847a3942v,LOW,,,,,,1,,,685,540,266,0.1
49,,,,manual,6293,11715,True,,,b1844cde847a3942v,LOW,,,,,,1,,,693,515,266,0.1
50,,,,manual,6232,11422,True,,,b1844cde847a3942v,LOW,,,,,,1,,,632,222,266,0.1
51,,,,manual,6291,11421,True,,,b1844cde847a3942v,LOW,,,,,,1,,,691,221,266,0.1
52,,,,manual,6288,11452,True,,,b1844cde847a3942v,LOW,,,,,,1,,,688,252,266,0.1
53,,,,manual,6311,11446,True,,,b1844cde847a3942v,LOW,,,,,,1,,,711,246,266,0.1
54,,,,manual,6304,11472,True,,,b1844cde847a3942v,LOW,,,,,,1,,,704,272,266,0.1
55,,,,manual,6260,11457,True,,,b1844cde847a3942v,LOW,,,,,,1,,,660,257,266,0.1
56,,,,manual,6240,11461,True,,,b1844cde847a3942v,LOW,,,,,,1,,,640,261,266,0.1
57,,,,manual,6238,11512,True,,,b1844cde847a3942v,LOW,,,,,,1,,,638,312,266,0.1
58,,,,manual,6254,11492,True,,,b1844cde847a3942v,LOW,,,,,,1,,,654,292,266,0.1
59,,,,manual,6277,11486,True,,,b1844cde847a3942v,LOW,,,,,,1,,,677,286,266,0.1
60,,,,manual,6271,11511,True,,,b1844cde847a3942v,LOW,,,,,,1,,,671,311,266,0.1
61,,,,manual,6257,11528,True,,,b1844cde847a3942v,LOW,,,,,,1,,,657,328,266,0.1
62,,,,manual,6266,11545,True,,,b1844cde847a3942v,LOW,,,,,,1,,,666,345,266,0.1
63,,,,manual,6252,11564,True,,,b1844cde847a3942v,LOW,,,,,,1,,,652,364,266,0.1
64,,,,manual,6249,11594,True,,,b1844cde847a3942v,LOW,,,,,,1,,,649,394,266,0.1
65,,,,manual,6229,11579,True,,,b1844cde847a3942v,LOW,,,,,,1,,,629,379,266,0.1
66,,,,manual,6230,11597,True,,,b1844cde847a3942v,LOW,,,,,,1,,,630,397,266,0.1
67,,,,manual,6228,11615,True,,,b1844cde847a3942v,LOW,,,,,,1,,,628,415,266,0.1
68,,,,manual,6796,6861,True,,,b1844cde847a3942v,MEDIUM,,,,,,1,,,396,461,296,1.0
69,,,,manual,6796,6849,True,,,b1844cde847a3942v,MEDIUM,,,,,,1,,,396,449,296,1.0
70,,,,manual,7130,6805,True,,,b1844cde847a3942v,MEDIUM,,,,,,1,,,730,405,296,1.0
71,,,,manual,6406,7681,True,,,b1844cde847a3942v,LOW,,,,,,1,,,6,481,297,0.1
72,,,,manual,6416,7641,True,,,b1844cde847a3942v,LOW,,,,,,1,,,16,441,297,0.1
73,,,,manual,6656,7562,True,,,b1844cde847a3942v,LOW,,,,,,1,,,256,362,297,0.1
74,,,,manual,7156,7962,True,,,b1844cde847a3942v,LOW,,,,,,1,,,756,762,297,0.1
75,,,,manual,7187,7484,True,,,b1844cde847a3942v,LOW,,,,,,1,,,787,284,297,0.1
76,,,,manual,7163,8186,True,,,b1844cde847a3942v,LOW,,,,,,1,,,763,186,298,0.1
77,,,,manual,7126,8288,True,,,b1844cde847a3942v,MEDIUM,,,,,,1,,,726,288,298,1.0
78,,,,manual,6838,8759,True,,,b1844cde847a3942v,LOW,,,,,,1,,,438,759,298,0.1
79,,,,manual,6838,8721,True,,,b1844cde847a3942v,LOW,,,,,,1,,,438,721,298,0.1
80,,,,manual,6893,8739,True,,,b1844cde847a3942v,LOW,,,,,,1,,,493,739,298,0.1
81,,,,manual,6917,8729,True,,,b1844cde847a3942v,LOW,,,,,,1,,,517,729,298,0.1
82,,,,manual,6904,8732,True,,,b1844cde847a3942v,LOW,,,,,,1,,,504,732,298,0.1
83,,,,manual,6928,8730,True,,,b1844cde847a3942v,LOW,,,,,,1,,,528,730,298,0.1
84,,,,manual,6822,8837,True,,,b1844cde847a3942v,LOW,,,,,,1,,,422,37,299,0.1
85,,,,manual,7191,9448,True,,,b1844cde847a3942v,LOW,,,,,,1,,,791,648,299,0.1
86,,,,manual,6559,12558,True,,,b1844cde847a3942v,LOW,,,,,,1,,,159,558,303,0.1
87,,,,manual,6434,12562,True,,,b1844cde847a3942v,LOW,,,,,,1,,,34,562,303,0.1
88,,,,manual,6419,12552,True,,,b1844cde847a3942v,LOW,,,,,,1,,,19,552,303,0.1
89,,,,manual,7727,3556,True,,,b1844cde847a3942v,LOW,,,,,,1,,,527,356,328,0.1
90,,,21.02188559,ais/manual,7934,6497,True,,,b1844cde847a3942v,MEDIUM,,,,,,1,,,734,97,332,1.0
91,,,186.3527697,ais/manual,7985,6459,True,,,b1844cde847a3942v,MEDIUM,,,,,,1,,,785,59,332,1.0
92,,,104.6746869,ais/manual,7976,6411,True,,,b1844cde847a3942v,MEDIUM,,,,,,1,,,776,11,332,1.0
93,,,195.7900446,ais/manual,7945,6420,True,,,b1844cde847a3942v,MEDIUM,,,,,,1,,,745,20,332,1.0
94,,,,manual,7846,7562,True,,,b1844cde847a3942v,MEDIUM,,,,,,1,,,646,362,333,1.0
95,,,,manual,7850,7538,True,,,b1844cde847a3942v,MEDIUM,,,,,,1,,,650,338,333,1.0
96,,,,manual,7869,7937,True,,,b1844cde847a3942v,MEDIUM,,,,,,1,,,669,737,333,1.0
97,,,,manual,7793,7970,True,,,b1844cde847a3942v,MEDIUM,,,,,,1,,,593,770,333,1.0
98,,,,manual,7777,8002,True,,,b1844cde847a3942v,MEDIUM,,,,,,1,,,577,2,334,1.0
99,,,,manual,7492,8520,True,,,b1844cde847a3942v,MEDIUM,,,,,,1,,,292,520,334,1.0
100,,,,manual,7880,8109,True,,,b1844cde847a3942v,LOW,,,,,,1,,,680,109,334,0.1
101,,,,manual,7727,8544,True,,,b1844cde847a3942v,LOW,,,,,,1,,,527,544,334,0.1
102,,,,manual,7735,8513,True,,,b1844cde847a3942v,MEDIUM,,,,,,1,,,535,513,334,1.0
103,,,,manual,7762,8485,True,,,b1844cde847a3942v,MEDIUM,,,,,,1,,,562,485,334,1.0
104,,,,manual,7904,8158,True,,,b1844cde847a3942v,MEDIUM,,,,,,1,,,704,158,334,1.0
105,,,,manual,7323,9451,True,,,b1844cde847a3942v,LOW,,,,,,1,,,123,651,335,0.1
106,,,,manual,7334,9428,True,,,b1844cde847a3942v,LOW,,,,,,1,,,134,628,335,0.1
107,,,,manual,7431,9231,True,,,b1844cde847a3942v,LOW,,,,,,1,,,231,431,335,0.1
108,,,,manual,7380,12700,True,,,b1844cde847a3942v,LOW,,,,,,1,,,180,700,339,0.1
109,,,,manual,7356,12692,True,,,b1844cde847a3942v,LOW,,,,,,1,,,156,692,339,0.1
110,,,,manual,7368,12539,True,,,b1844cde847a3942v,LOW,,,,,,1,,,168,539,339,0.1
111,,,,manual,7353,12617,True,,,b1844cde847a3942v,LOW,,,,,,1,,,153,617,339,0.1
112,,,,manual,7328,12545,True,,,b1844cde847a3942v,LOW,,,,,,1,,,128,545,339,0.1
113,,,,manual,7313,12576,True,,,b1844cde847a3942v,LOW,,,,,,1,,,113,576,339,0.1
114,,,,manual,7324,12619,True,,,b1844cde847a3942v,LOW,,,,,,1,,,124,619,339,0.1
115,,,,manual,7463,12800,True,,,b1844cde847a3942v,LOW,,,,,,1,,,263,800,339,0.1
116,,,,manual,7373,12331,True,,,b1844cde847a3942v,LOW,,,,,,1,,,173,331,339,0.1
117,,,,manual,7376,12371,True,,,b1844cde847a3942v,LOW,,,,,,1,,,176,371,339,0.1
118,,,,manual,7376,12408,True,,,b1844cde847a3942v,LOW,,,,,,1,,,176,408,339,0.1
119,,,,manual,7323,12743,True,,,b1844cde847a3942v,LOW,,,,,,1,,,123,743,339,0.1
120,,,,manual,7383,12444,True,,,b1844cde847a3942v,LOW,,,,,,1,,,183,444,339,0.1
121,,,,manual,7423,12422,True,,,b1844cde847a3942v,LOW,,,,,,1,,,223,422,339,0.1
122,,,,manual,7372,12464,True,,,b1844cde847a3942v,LOW,,,,,,1,,,172,464,339,0.1
123,,,,manual,7357,12475,True,,,b1844cde847a3942v,LOW,,,,,,1,,,157,475,339,0.1
124,,,,manual,7372,12495,True,,,b1844cde847a3942v,LOW,,,,,,1,,,172,495,339,0.1
125,,,,manual,7457,12704,True,,,b1844cde847a3942v,LOW,,,,,,1,,,257,704,339,0.1
126,,,,manual,7505,13513,True,,,b1844cde847a3942v,LOW,,,,,,1,,,305,713,340,0.1
127,,,,manual,7488,13474,True,,,b1844cde847a3942v,LOW,,,,,,1,,,288,674,340,0.1
128,,,,manual,7471,13448,True,,,b1844cde847a3942v,LOW,,,,,,1,,,271,648,340,0.1
129,,,,manual,7288,13006,True,,,b1844cde847a3942v,LOW,,,,,,1,,,88,206,340,0.1
130,,,,manual,7287,12970,True,,,b1844cde847a3942v,LOW,,,,,,1,,,87,170,340,0.1
131,,,,manual,7310,13049,True,,,b1844cde847a3942v,LOW,,,,,,1,,,110,249,340,0.1
132,,,,manual,7467,12855,True,,,b1844cde847a3942v,LOW,,,,,,1,,,267,55,340,0.1
133,,,,manual,7463,12800,True,,,b1844cde847a3942v,LOW,,,,,,1,,,263,0,340,0.1
134,,,,manual,7449,12859,True,,,b1844cde847a3942v,LOW,,,,,,1,,,249,59,340,0.1
135,,,,manual,7422,12830,True,,,b1844cde847a3942v,LOW,,,,,,1,,,222,30,340,0.1
136,,,,manual,7914,14057,True,,,b1844cde847a3942v,LOW,,,,,,1,,,714,457,341,0.1
137,,,,manual,8531,3654,True,,,b1844cde847a3942v,LOW,,,,,,1,,,531,454,364,0.1
138,,,,manual,8447,3581,True,,,b1844cde847a3942v,LOW,,,,,,1,,,447,381,364,0.1
139,,,,manual,8480,3512,True,,,b1844cde847a3942v,LOW,,,,,,1,,,480,312,364,0.1
140,,,,manual,8483,3862,True,,,b1844cde847a3942v,LOW,,,,,,1,,,483,662,364,0.1
141,,,,manual,8503,3773,True,,,b1844cde847a3942v,LOW,,,,,,1,,,503,573,364,0.1
142,,,,manual,8127,4654,True,,,b1844cde847a3942v,MEDIUM,,,,,,1,,,127,654,365,1.0
143,,,,manual,8135,4655,True,,,b1844cde847a3942v,MEDIUM,,,,,,1,,,135,655,365,1.0
144,,,,manual,8158,4678,True,,,b1844cde847a3942v,LOW,,,,,,1,,,158,678,365,0.1
145,,,,manual,8172,4698,True,,,b1844cde847a3942v,LOW,,,,,,1,,,172,698,365,0.1
146,,,,manual,8112,4222,True,,,b1844cde847a3942v,LOW,,,,,,1,,,112,222,365,0.1
147,,,,manual,8190,4712,True,,,b1844cde847a3942v,MEDIUM,,,,,,1,,,190,712,365,1.0
148,,,,manual,8182,4700,True,,,b1844cde847a3942v,MEDIUM,,,,,,1,,,182,700,365,1.0
149,,,,manual,8165,4691,True,,,b1844cde847a3942v,MEDIUM,,,,,,1,,,165,691,365,1.0
150,,,,manual,8028,4543,True,,,b1844cde847a3942v,LOW,,,,,,1,,,28,543,365,0.1
151,,,,manual,8065,4564,True,,,b1844cde847a3942v,MEDIUM,,,,,,1,,,65,564,365,1.0
152,,,,manual,8083,4303,True,,,b1844cde847a3942v,LOW,,,,,,1,,,83,303,365,0.1
153,,,,manual,8103,4203,True,,,b1844cde847a3942v,LOW,,,,,,1,,,103,203,365,0.1
154,,,,ais/manual,8673,4763,False,,,b1844cde847a3942v,HIGH,,,,,,3,,,673,763,365,1.0
155,,,,manual,8073,4625,True,,,b1844cde847a3942v,MEDIUM,,,,,,1,,,73,625,365,1.0
156,,,,manual,8498,4657,True,,,b1844cde847a3942v,LOW,,,,,,1,,,498,657,365,0.1
157,,,,manual,8296,5188,True,,,b1844cde847a3942v,MEDIUM,,,,,,1,,,296,388,366,1.0
158,,,,manual,8302,5127,True,,,b1844cde847a3942v,MEDIUM,,,,,,1,,,302,327,366,1.0
159,,,,manual,8636,5342,False,,,b1844cde847a3942v,MEDIUM,,,,,,3,,,636,542,366,1.0
160,,,,manual,8634,5356,False,,,b1844cde847a3942v,MEDIUM,,,,,,3,,,634,556,366,1.0
161,,,,manual,8632,5368,False,,,b1844cde847a3942v,MEDIUM,,,,,,3,,,632,568,366,1.0
162,,,,manual,8614,5352,False,,,b1844cde847a3942v,MEDIUM,,,,,,3,,,614,552,366,1.0
163,,,,manual,8613,5369,False,,,b1844cde847a3942v,MEDIUM,,,,,,3,,,613,569,366,1.0
164,,,,manual,8433,5348,True,,,b1844cde847a3942v,MEDIUM,,,,,,1,,,433,548,366,1.0
165,,,,manual,8306,5398,True,,,b1844cde847a3942v,MEDIUM,,,,,,1,,,306,598,366,1.0
166,,,,manual,8183,4881,True,,,b1844cde847a3942v,MEDIUM,,,,,,1,,,183,81,366,1.0
167,,,,manual,8190,4872,True,,,b1844cde847a3942v,MEDIUM,,,,,,1,,,190,72,366,1.0
168,,,,manual,8636,5320,False,,,b1844cde847a3942v,MEDIUM,,,,,,3,,,636,520,366,1.0
169,,,,manual,8632,5328,False,,,b1844cde847a3942v,MEDIUM,,,,,,3,,,632,528,366,1.0
170,,,,manual,8611,5324,False,,,b1844cde847a3942v,MEDIUM,,,,,,3,,,611,524,366,1.0
171,,,,manual,8615,5337,False,,,b1844cde847a3942v,MEDIUM,,,,,,3,,,615,537,366,1.0
172,,,,manual,8498,5054,True,,,b1844cde847a3942v,MEDIUM,,,,,,1,,,498,254,366,1.0
173,,,,manual,8520,5044,True,,,b1844cde847a3942v,MEDIUM,,,,,,1,,,520,244,366,1.0
174,,,,manual,8695,4992,True,,,b1844cde847a3942v,LOW,,,,,,1,,,695,192,366,0.1
175,,,175.8554519,ais/manual,8284,5274,True,,,b1844cde847a3942v,MEDIUM,,,,,,1,,,284,474,366,1.0
176,,,105.7147017,ais/manual,8286,5252,True,,,b1844cde847a3942v,MEDIUM,,,,,,1,,,286,452,366,1.0
177,,,,manual,8766,6136,True,,,b1844cde847a3942v,LOW,,,,,,1,,,766,536,367,0.1
178,,,,manual,8255,5931,True,,,b1844cde847a3942v,MEDIUM,,,,,,1,,,255,331,367,1.0
179,,,,manual,8271,5933,True,,,b1844cde847a3942v,MEDIUM,,,,,,1,,,271,333,367,1.0
180,,,,manual,8216,5743,True,,,b1844cde847a3942v,MEDIUM,,,,,,1,,,216,143,367,1.0
181,,,,manual,8205,5694,True,,,b1844cde847a3942v,MEDIUM,,,,,,1,,,205,94,367,1.0
182,,,,manual,8763,6336,True,,,b1844cde847a3942v,MEDIUM,,,,,,1,,,763,736,367,1.0
183,,,,manual,8484,5806,True,,,b1844cde847a3942v,MEDIUM,,,,,,1,,,484,206,367,1.0
184,,,,manual,8789,6260,True,,,b1844cde847a3942v,LOW,,,,,,1,,,789,660,367,0.1
185,,,,manual,8798,6046,True,,,b1844cde847a3942v,MEDIUM,,,,,,1,,,798,446,367,1.0
186,,,,manual,8280,5810,True,,,b1844cde847a3942v,MEDIUM,,,,,,1,,,280,210,367,1.0
187,,,,manual,8267,5811,True,,,b1844cde847a3942v,MEDIUM,,,,,,1,,,267,211,367,1.0
188,,,,manual,8271,5797,True,,,b1844cde847a3942v,MEDIUM,,,,,,1,,,271,197,367,1.0
189,,,,manual,8260,5882,True,,,b1844cde847a3942v,MEDIUM,,,,,,1,,,260,282,367,1.0
190,,,,manual,8699,5829,True,,,b1844cde847a3942v,MEDIUM,,,,,,1,,,699,229,367,1.0
191,,,,manual,8630,6220,True,,,b1844cde847a3942v,MEDIUM,,,,,,1,,,630,620,367,1.0
192,,,,manual,8687,6011,True,,,b1844cde847a3942v,LOW,,,,,,1,,,687,411,367,0.1
193,,,,manual,8309,6172,True,,,b1844cde847a3942v,MEDIUM,,,,,,1,,,309,572,367,1.0
194,,,,manual,8242,5776,True,,,b1844cde847a3942v,LOW,,,,,,1,,,242,176,367,0.1
195,,,,manual,8226,5754,True,,,b1844cde847a3942v,MEDIUM,,,,,,1,,,226,154,367,1.0
196,,,,manual,8240,5763,True,,,b1844cde847a3942v,MEDIUM,,,,,,1,,,240,163,367,1.0
197,,,,manual,8660,5628,True,,,b1844cde847a3942v,MEDIUM,,,,,,1,,,660,28,367,1.0
198,,,168.0191677,ais/manual,8212,5977,True,,,b1844cde847a3942v,MEDIUM,,,,,,1,,,212,377,367,1.0
199,,,51.25936223,ais/manual,8203,5984,True,,,b1844cde847a3942v,MEDIUM,,,,,,1,,,203,384,367,1.0
200,,,24.79664382,ais/manual,8285,5985,True,,,b1844cde847a3942v,MEDIUM,,,,,,1,,,285,385,367,1.0
201,,,94.32659484,ais/manual,8302,6001,True,,,b1844cde847a3942v,MEDIUM,,,,,,1,,,302,401,367,1.0
202,,,76.85758363,ais/manual,8197,6047,True,,,b1844cde847a3942v,MEDIUM,,,,,,1,,,197,447,367,1.0
203,,,149.61,ais/manual,8208,5759,True,,,b1844cde847a3942v,MEDIUM,,,,,,1,,,208,159,367,1.0
204,,,29.41294118,ais/manual,8679,6370,True,,,b1844cde847a3942v,LOW,,,,,,1,,,679,770,367,0.1
205,,,129.8634581,ais/manual,8220,5837,True,,,b1844cde847a3942v,MEDIUM,,,,,,1,,,220,237,367,1.0
206,,,89.93918257,ais/manual,8371,6040,True,,,b1844cde847a3942v,MEDIUM,,,,,,1,,,371,440,367,1.0
207,,,35.48550245,ais/manual,8368,6104,True,,,b1844cde847a3942v,MEDIUM,,,,,,1,,,368,504,367,1.0
208,,,65.38565012,ais/manual,8258,5831,True,,,b1844cde847a3942v,MEDIUM,,,,,,1,,,258,231,367,1.0
209,,,131.5494422,ais/manual,8279,5821,True,,,b1844cde847a3942v,MEDIUM,,,,,,1,,,279,221,367,1.0
210,,,34.31707833,ais/manual,8268,5834,True,,,b1844cde847a3942v,MEDIUM,,,,,,1,,,268,234,367,1.0
211,,,76.37129619,ais/manual,8071,5778,True,,,b1844cde847a3942v,MEDIUM,,,,,,1,,,71,178,367,1.0
212,,,70.26108982,ais/manual,8309,6073,True,,,b1844cde847a3942v,MEDIUM,,,,,,1,,,309,473,367,1.0
213,,,179.9,ais/manual,8304,6099,True,,,b1844cde847a3942v,MEDIUM,,,,,,1,,,304,499,367,1.0
214,,,43.94598229,ais/manual,8257,6314,True,,,b1844cde847a3942v,MEDIUM,,,,,,1,,,257,714,367,1.0
215,,,100.9139217,ais/manual,8245,6289,True,,,b1844cde847a3942v,MEDIUM,,,,,,1,,,245,689,367,1.0
216,,,176.3538561,ais/manual,8314,6222,True,,,b1844cde847a3942v,MEDIUM,,,,,,1,,,314,622,367,1.0
217,,,151.8054767,ais/manual,8316,6159,True,,,b1844cde847a3942v,MEDIUM,,,,,,1,,,316,559,367,1.0
218,,,220.392835,ais/manual,8283,6142,True,,,b1844cde847a3942v,MEDIUM,,,,,,1,,,283,542,367,1.0
219,,,27.41885764,ais/manual,8182,5635,True,,,b1844cde847a3942v,MEDIUM,,,,,,1,,,182,35,367,1.0
220,,,54.70934289,ais/manual,8176,5658,True,,,b1844cde847a3942v,MEDIUM,,,,,,1,,,176,58,367,1.0
221,,,,manual,8437,6539,True,,,b1844cde847a3942v,MEDIUM,,,,,,1,,,437,139,368,1.0
222,,,,manual,8800,6621,True,,,b1844cde847a3942v,MEDIUM,,,,,,1,,,800,221,368,1.0
223,,,,manual,8791,6556,True,,,b1844cde847a3942v,MEDIUM,,,,,,1,,,791,156,368,1.0
224,,,,manual,8795,6522,True,,,b1844cde847a3942v,MEDIUM,,,,,,1,,,795,122,368,1.0
225,,,,manual,8681,6675,True,,,b1844cde847a3942v,LOW,,,,,,1,,,681,275,368,0.1
226,,,,manual,8741,6744,True,,,b1844cde847a3942v,LOW,,,,,,1,,,741,344,368,0.1
227,,,,manual,8731,6732,True,,,b1844cde847a3942v,LOW,,,,,,1,,,731,332,368,0.1
228,,,,manual,8718,6724,True,,,b1844cde847a3942v,LOW,,,,,,1,,,718,324,368,0.1
229,,,107.66,ais/manual,8764,7102,True,False,,b1844cde847a3942v,HIGH,,,,,,2,,,764,702,368,1.0
230,,,103.0,ais/manual,8407,6766,True,,,b1844cde847a3942v,MEDIUM,,,,,,1,,,407,366,368,1.0
231,,,173.5934571,ais/manual,8403,6689,True,,,b1844cde847a3942v,MEDIUM,,,,,,1,,,403,289,368,1.0
232,,,69.597841,ais/manual,8212,6676,True,,,b1844cde847a3942v,MEDIUM,,,,,,1,,,212,276,368,1.0
233,,,89.3,ais/manual,8128,6660,True,,,b1844cde847a3942v,MEDIUM,,,,,,1,,,128,260,368,1.0
234,,,86.46612658,ais/manual,8219,6425,True,,,b1844cde847a3942v,MEDIUM,,,,,,1,,,219,25,368,1.0
235,,,142.7736441,ais/manual,8001,6412,True,,,b1844cde847a3942v,MEDIUM,,,,,,1,,,1,12,368,1.0
236,,,170.6035984,ais/manual,8260,6412,True,,,b1844cde847a3942v,MEDIUM,,,,,,1,,,260,12,368,1.0
237,,,164.1129348,ais/manual,8230,6404,True,,,b1844cde847a3942v,MEDIUM,,,,,,1,,,230,4,368,1.0
238,,,56.25266743,ais/manual,8095,6636,True,,,b1844cde847a3942v,MEDIUM,,,,,,1,,,95,236,368,1.0
239,,,38.09104772,ais/manual,8459,6702,True,,,b1844cde847a3942v,MEDIUM,,,,,,1,,,459,302,368,1.0
240,,,23.74108679,ais/manual,8783,6616,True,False,,b1844cde847a3942v,HIGH,,,,,,2,,,783,216,368,1.0
241,,,26.49093979,ais/manual,8770,6634,True,,,b1844cde847a3942v,LOW,,,,,,1,,,770,234,368,0.1
242,,,58.61636655,ais/manual,8763,6588,True,,,b1844cde847a3942v,MEDIUM,,,,,,1,,,763,188,368,1.0
243,,,57.20288305,ais/manual,8768,6605,True,,,b1844cde847a3942v,MEDIUM,,,,,,1,,,768,205,368,1.0
244,,,,manual,8774,7947,True,,,b1844cde847a3942v,LOW,,,,,,1,,,774,747,369,0.1
245,,,,manual,8370,7637,True,,,b1844cde847a3942v,MEDIUM,,,,,,1,,,370,437,369,1.0
246,,,,manual,8554,8217,True,,,b1844cde847a3942v,MEDIUM,,,,,,1,,,554,217,370,1.0
247,,,,manual,8453,8277,True,,,b1844cde847a3942v,MEDIUM,,,,,,1,,,453,277,370,1.0
248,,,28.40216691,ais/manual,8760,8625,True,False,,b1844cde847a3942v,HIGH,,,,,,2,,,760,625,370,1.0
249,,,,manual,8205,11815,True,,,b1844cde847a3942v,MEDIUM,,,,,,1,,,205,615,374,1.0
250,,,,manual,8230,12211,True,,,b1844cde847a3942v,MEDIUM,,,,,,1,,,230,211,375,1.0
251,,,134.4,ais/manual,8498,13501,True,False,,b1844cde847a3942v,HIGH,,,,,,2,,,498,701,376,1.0
252,,,,manual,8057,14346,False,,,b1844cde847a3942v,MEDIUM,,,,,,3,,,57,746,377,1.0
253,,,,manual,8209,14755,,,,b1844cde847a3942v,LOW,,,,,,1,,,209,355,378,0.1
254,,,,manual,8509,14409,True,,,b1844cde847a3942v,LOW,,,,,,1,,,509,9,378,0.1
255,,,,manual,8332,14567,False,,,b1844cde847a3942v,MEDIUM,,,,,,3,,,332,167,378,1.0
256,,,,manual,8325,14618,False,,,b1844cde847a3942v,MEDIUM,,,,,,3,,,325,218,378,1.0
257,,,,manual,8196,14806,False,,,b1844cde847a3942v,MEDIUM,,,,,,3,,,196,406,378,1.0
258,,,,manual,8204,14784,False,,,b1844cde847a3942v,MEDIUM,,,,,,3,,,204,384,378,1.0
259,,,,manual,8200,14773,False,,,b1844cde847a3942v,MEDIUM,,,,,,3,,,200,373,378,1.0
260,,,,manual,8206,14764,False,,,b1844cde847a3942v,MEDIUM,,,,,,3,,,206,364,378,1.0
261,,,,manual,8303,14567,False,,,b1844cde847a3942v,MEDIUM,,,,,,3,,,303,167,378,1.0
262,,,45.47711865,ais/manual,8515,14415,True,,,b1844cde847a3942v,LOW,,,,,,1,,,515,15,378,0.1
263,,,147.26983,ais/manual,8516,14458,True,,,b1844cde847a3942v,MEDIUM,,,,,,1,,,516,58,378,1.0
264,,,,manual,8500,17739,True,,,b1844cde847a3942v,LOW,,,,,,1,,,500,139,382,0.1
265,,,,manual,8505,17751,True,,,b1844cde847a3942v,LOW,,,,,,1,,,505,151,382,0.1
266,,,,manual,8572,17976,True,,,b1844cde847a3942v,LOW,,,,,,1,,,572,376,382,0.1
267,,,,manual,8589,18115,True,,,b1844cde847a3942v,LOW,,,,,,1,,,589,515,382,0.1
268,,,,manual,8547,17914,True,,,b1844cde847a3942v,LOW,,,,,,1,,,547,314,382,0.1
269,,,,manual,8673,18751,True,,,b1844cde847a3942v,LOW,,,,,,1,,,673,351,383,0.1
270,,,,manual,9184,3786,True,,,b1844cde847a3942v,LOW,,,,,,1,,,384,586,400,0.1
271,,,,ais/manual,9238,4651,False,,,b1844cde847a3942v,HIGH,,,,,,3,,,438,651,401,1.0
272,,,,manual,8817,4605,True,,,b1844cde847a3942v,LOW,,,,,,1,,,17,605,401,0.1
273,,,,manual,9490,4770,True,,,b1844cde847a3942v,MEDIUM,,,,,,1,,,690,770,401,1.0
274,,,168.3270618,ais/manual,9518,4247,True,False,,b1844cde847a3942v,HIGH,,,,,,2,,,718,247,401,1.0
275,,,140.9637763,ais/manual,9562,4114,True,False,,b1844cde847a3942v,HIGH,,,,,,2,,,762,114,401,1.0
276,,,176.2700595,ais/manual,9386,4492,True,False,,b1844cde847a3942v,HIGH,,,,,,2,,,586,492,401,1.0
277,,,182.985432,ais/manual,9460,4373,True,False,,b1844cde847a3942v,HIGH,,,,,,2,,,660,373,401,1.0
278,,,166.4498685,ais/manual,9503,4628,True,False,,b1844cde847a3942v,HIGH,,,,,,2,,,703,628,401,1.0
279,,,179.5742751,ais/manual,9591,4539,True,False,,b1844cde847a3942v,HIGH,,,,,,2,,,791,539,401,1.0
280,,,215.7778045,ais/manual,9484,4781,True,False,,b1844cde847a3942v,HIGH,,,,,,2,,,684,781,401,1.0
281,,,,manual,9427,4999,True,,,b1844cde847a3942v,LOW,,,,,,1,,,627,199,402,0.1
282,,,,manual,9129,5003,True,,,b1844cde847a3942v,LOW,,,,,,1,,,329,203,402,0.1
283,,,,ais/manual,9204,5204,False,,,b1844cde847a3942v,HIGH,,,,,,3,,,404,404,402,1.0
284,,,,ais/manual,9197,5214,False,,,b1844cde847a3942v,HIGH,,,,,,3,,,397,414,402,1.0
285,,,,manual,9173,5222,False,,,b1844cde847a3942v,MEDIUM,,,,,,3,,,373,422,402,1.0
286,,,,manual,9340,5534,True,,,b1844cde847a3942v,LOW,,,,,,1,,,540,734,402,0.1
287,,,,manual,8809,4992,True,,,b1844cde847a3942v,LOW,,,,,,1,,,9,192,402,0.1
288,,,,ais/manual,9108,5272,False,,,b1844cde847a3942v,HIGH,,,,,,3,,,308,472,402,1.0
289,,,,manual,9197,5231,False,,,b1844cde847a3942v,MEDIUM,,,,,,3,,,397,431,402,1.0
290,,,,manual,9200,5241,False,,,b1844cde847a3942v,MEDIUM,,,,,,3,,,400,441,402,1.0
291,,,,manual,9198,5255,False,,,b1844cde847a3942v,MEDIUM,,,,,,3,,,398,455,402,1.0
292,,,,manual,9188,5256,False,,,b1844cde847a3942v,MEDIUM,,,,,,3,,,388,456,402,1.0
293,,,,manual,9173,5238,False,,,b1844cde847a3942v,MEDIUM,,,,,,3,,,373,438,402,1.0
294,,,,manual,9173,5254,False,,,b1844cde847a3942v,MEDIUM,,,,,,3,,,373,454,402,1.0
295,,,,manual,9046,4828,True,,,b1844cde847a3942v,LOW,,,,,,1,,,246,28,402,0.1
296,,,109.9630834,ais/manual,9243,5540,True,False,,b1844cde847a3942v,HIGH,,,,,,2,,,443,740,402,1.0
297,,,44.9408392,ais/manual,9097,5254,True,False,,b1844cde847a3942v,HIGH,,,,,,2,,,297,454,402,1.0
298,,,183.6905996,ais/manual,9595,4878,True,False,,b1844cde847a3942v,HIGH,,,,,,2,,,795,78,402,1.0
299,,,148.3899158,ais/manual,9107,5456,True,False,,b1844cde847a3942v,HIGH,,,,,,2,,,307,656,402,1.0
300,,,134.0872606,ais/manual,9110,5571,True,False,,b1844cde847a3942v,HIGH,,,,,,2,,,310,771,402,1.0
301,,,152.1276887,ais/manual,9181,5367,True,False,,b1844cde847a3942v,HIGH,,,,,,2,,,381,567,402,1.0
302,,,,manual,9241,5919,True,,,b1844cde847a3942v,MEDIUM,,,,,,1,,,441,319,403,1.0
303,,,,manual,9421,5935,True,,,b1844cde847a3942v,MEDIUM,,,,,,1,,,621,335,403,1.0
304,,,,manual,8818,6292,True,,,b1844cde847a3942v,LOW,,,,,,1,,,18,692,403,0.1
305,,,,manual,8889,5662,True,,,b1844cde847a3942v,LOW,,,,,,1,,,89,62,403,0.1
306,,,,manual,9323,6225,True,,,b1844cde847a3942v,LOW,,,,,,1,,,523,625,403,0.1
307,,,,ais/manual,9238,6260,False,,,b1844cde847a3942v,HIGH,,,,,,3,,,438,660,403,1.0
308,,,,ais/manual,8997,6337,False,,,b1844cde847a3942v,HIGH,,,,,,3,,,197,737,403,1.0
309,,,117.4598938,ais/manual,9205,6014,True,False,,b1844cde847a3942v,HIGH,,,,,,2,,,405,414,403,1.0
310,,,87.0236812,ais/manual,9463,5790,False,,,b1844cde847a3942v,HIGH,,,,,,3,,,663,190,403,1.0
311,,,98.37142334,ais/manual,8988,5891,True,False,,b1844cde847a3942v,HIGH,,,,,,2,,,188,291,403,1.0
312,,,84.11706122,ais/manual,8883,6105,True,False,,b1844cde847a3942v,HIGH,,,,,,2,,,83,505,403,1.0
313,,,112.0806619,ais/manual,9517,6192,True,False,,b1844cde847a3942v,HIGH,,,,,,2,,,717,592,403,1.0
314,,,64.87461302,ais/manual,9088,5978,True,False,,b1844cde847a3942v,HIGH,,,,,,2,,,288,378,403,1.0
315,,,104.897121,ais/manual,9068,5760,True,False,,b1844cde847a3942v,HIGH,,,,,,2,,,268,160,403,1.0
316,,,141.0092888,ais/manual,8998,6148,True,False,,b1844cde847a3942v,HIGH,,,,,,2,,,198,548,403,1.0
317,,,108.9856779,ais/manual,9169,6237,True,False,,b1844cde847a3942v,HIGH,,,,,,2,,,369,637,403,1.0
318,,,127.6264664,ais/manual,8976,6027,True,False,,b1844cde847a3942v,HIGH,,,,,,2,,,176,427,403,1.0
319,,,126.0692535,ais/manual,9279,6315,True,False,,b1844cde847a3942v,HIGH,,,,,,2,,,479,715,403,1.0
320,,,92.09711576,ais/manual,9339,6187,True,False,,b1844cde847a3942v,HIGH,,,,,,2,,,539,587,403,1.0
321,,,44.57696289,ais/manual,9069,6246,True,False,,b1844cde847a3942v,HIGH,,,,,,2,,,269,646,403,1.0
322,,,145.8435547,ais/manual,9468,6391,True,False,,b1844cde847a3942v,HIGH,,,,,,2,,,668,791,403,1.0
323,,,35.92683219,ais/manual,9135,6129,True,True,,b1844cde847a3942v,HIGH,,,,,,1,,,335,529,403,1.0
324,,,,manual,8999,6511,True,,,b1844cde847a3942v,MEDIUM,,,,,,1,,,199,111,404,1.0
325,,,,ais/manual,9082,6548,False,,,b1844cde847a3942v,HIGH,,,,,,3,,,282,148,404,1.0
326,,,,manual,9002,6560,True,,,b1844cde847a3942v,MEDIUM,,,,,,1,,,202,160,404,1.0
327,,,,manual,9004,6600,True,,,b1844cde847a3942v,MEDIUM,,,,,,1,,,204,200,404,1.0
328,,,,manual,8890,6522,True,,,b1844cde847a3942v,MEDIUM,,,,,,1,,,90,122,404,1.0
329,,,,manual,8908,6556,True,,,b1844cde847a3942v,MEDIUM,,,,,,1,,,108,156,404,1.0
330,,,,ais/manual,8861,6900,False,,,b1844cde847a3942v,HIGH,,,,,,3,,,61,500,404,1.0
331,,,,manual,9124,6546,True,,,b1844cde847a3942v,MEDIUM,,,,,,1,,,324,146,404,1.0
332,,,,manual,8894,7154,True,,,b1844cde847a3942v,MEDIUM,,,,,,1,,,94,754,404,1.0
333,,,,manual,8987,7163,True,,,b1844cde847a3942v,MEDIUM,,,,,,1,,,187,763,404,1.0
334,,,,manual,8847,6854,True,,,b1844cde847a3942v,LOW,,,,,,1,,,47,454,404,0.1
335,,,,ais/manual,8837,6430,False,,,b1844cde847a3942v,HIGH,,,,,,3,,,37,30,404,1.0
336,,,,manual,8800,6621,True,,,b1844cde847a3942v,MEDIUM,,,,,,1,,,0,221,404,1.0
337,,,,manual,8805,6588,True,,,b1844cde847a3942v,MEDIUM,,,,,,1,,,5,188,404,1.0
338,,,,manual,8821,6602,True,,,b1844cde847a3942v,MEDIUM,,,,,,1,,,21,202,404,1.0
339,,,,manual,8831,6568,True,,,b1844cde847a3942v,MEDIUM,,,,,,1,,,31,168,404,1.0
340,,,,manual,8864,6599,True,,,b1844cde847a3942v,MEDIUM,,,,,,1,,,64,199,404,1.0
341,,,,manual,8894,6624,True,,,b1844cde847a3942v,MEDIUM,,,,,,1,,,94,224,404,1.0
342,,,,manual,8937,6624,True,,,b1844cde847a3942v,MEDIUM,,,,,,1,,,137,224,404,1.0
343,,,,ais/manual,8937,6565,False,,,b1844cde847a3942v,HIGH,,,,,,3,,,137,165,404,1.0
344,,,,manual,8872,6536,True,,,b1844cde847a3942v,MEDIUM,,,,,,1,,,72,136,404,1.0
345,,,77.59637143,ais/manual,9067,6472,True,False,,b1844cde847a3942v,HIGH,,,,,,2,,,267,72,404,1.0
346,,,160.6659392,ais/manual,9165,6597,True,False,,b1844cde847a3942v,HIGH,,,,,,2,,,365,197,404,1.0
347,,,117.9836418,ais/manual,9384,6438,True,False,,b1844cde847a3942v,HIGH,,,,,,2,,,584,38,404,1.0
348,,,150.0540157,ais/manual,9321,6700,True,False,,b1844cde847a3942v,HIGH,,,,,,2,,,521,300,404,1.0
349,,,114.4470559,ais/manual,9512,6642,True,False,,b1844cde847a3942v,HIGH,,,,,,2,,,712,242,404,1.0
350,,,89.26204455,ais/manual,9002,6655,True,False,,b1844cde847a3942v,HIGH,,,,,,2,,,202,255,404,1.0
351,,,53.15976091,ais/manual,9040,6610,True,False,,b1844cde847a3942v,HIGH,,,,,,2,,,240,210,404,1.0
352,,,101.8235391,ais/manual,9250,6532,True,False,,b1844cde847a3942v,HIGH,,,,,,2,,,450,132,404,1.0
353,,,32.29112229,ais/manual,8890,6483,True,False,,b1844cde847a3942v,HIGH,,,,,,2,,,90,83,404,1.0
354,,,134.8536148,ais/manual,9174,6416,True,False,,b1844cde847a3942v,HIGH,,,,,,2,,,374,16,404,1.0
355,,,77.67846521,ais/manual,9110,6675,True,False,,b1844cde847a3942v,HIGH,,,,,,2,,,310,275,404,1.0
356,,,91.30999194,ais/manual,9170,6734,True,False,,b1844cde847a3942v,HIGH,,,,,,2,,,370,334,404,1.0
357,,,121.6145717,ais/manual,9212,6680,True,False,,b1844cde847a3942v,HIGH,,,,,,2,,,412,280,404,1.0
358,,,112.5886863,ais/manual,9392,6629,True,False,,b1844cde847a3942v,HIGH,,,,,,2,,,592,229,404,1.0
359,,,60.81222172,ais/manual,8958,6680,True,False,,b1844cde847a3942v,HIGH,,,,,,2,,,158,280,404,1.0
360,,,19.80796544,ais/manual,8801,6825,True,False,,b1844cde847a3942v,HIGH,,,,,,2,,,1,425,404,1.0
361,,,164.3936059,ais/manual,9506,6791,True,False,,b1844cde847a3942v,HIGH,,,,,,2,,,706,391,404,1.0
362,,,55.41139522,ais/manual,8811,6558,True,False,,b1844cde847a3942v,HIGH,,,,,,2,,,11,158,404,1.0
363,,,55.41176621,ais/manual,8839,6624,True,False,,b1844cde847a3942v,HIGH,,,,,,2,,,39,224,404,1.0
364,,,71.45833088,ais/manual,8854,6654,True,False,,b1844cde847a3942v,HIGH,,,,,,2,,,54,254,404,1.0
365,,,24.39097295,ais/manual,8872,6570,True,False,,b1844cde847a3942v,HIGH,,,,,,2,,,72,170,404,1.0
366,,,100.532141,ais/manual,9326,6887,True,False,,b1844cde847a3942v,HIGH,,,,,,2,,,526,487,404,1.0
367,,,35.39534924,ais/manual,8817,6534,True,False,,b1844cde847a3942v,HIGH,,,,,,2,,,17,134,404,1.0
368,,,,ais/manual,8849,6550,True,False,,b1844cde847a3942v,HIGH,,,,,,2,,,49,150,404,1.0
369,,,31.01567865,ais/manual,8883,6674,True,True,,b1844cde847a3942v,HIGH,,,,,,1,,,83,274,404,1.0
370,,,138.9315163,ais/manual,8907,7507,True,False,,b1844cde847a3942v,HIGH,,,,,,2,,,107,307,405,1.0
371,,,,manual,9260,8550,True,,,b1844cde847a3942v,MEDIUM,,,,,,1,,,460,550,406,1.0
372,,,,manual,9121,8203,True,,,b1844cde847a3942v,MEDIUM,,,,,,1,,,321,203,406,1.0
373,,,,manual,9599,9217,True,,,b1844cde847a3942v,MEDIUM,,,,,,1,,,799,417,407,1.0
374,,,,manual,9118,11998,True,,,b1844cde847a3942v,MEDIUM,,,,,,1,,,318,798,410,1.0
375,,,,manual,8926,12435,True,,,b1844cde847a3942v,MEDIUM,,,,,,1,,,126,435,411,1.0
376,,,92.91001003,ais/manual,9001,12219,True,False,,b1844cde847a3942v,HIGH,,,,,,2,,,201,219,411,1.0
377,,,62.29774633,ais/manual,8886,12152,True,False,,b1844cde847a3942v,HIGH,,,,,,2,,,86,152,411,1.0
378,,,55.62602059,ais/manual,9105,12239,True,False,,b1844cde847a3942v,HIGH,,,,,,2,,,305,239,411,1.0
379,,,79.22458298,ais/manual,9036,12147,True,False,,b1844cde847a3942v,HIGH,,,,,,2,,,236,147,411,1.0
380,,,,manual,8946,14208,True,,,b1844cde847a3942v,MEDIUM,,,,,,1,,,146,608,413,1.0
381,,,42.91944658,ais/manual,8952,14227,True,False,,b1844cde847a3942v,MEDIUM,,,,,,2,,,152,627,413,1.0
382,,,190.7316336,ais/manual,10051,4340,True,False,,b1844cde847a3942v,HIGH,,,,,,2,,,451,340,437,1.0
383,,,169.6168962,ais/manual,10035,4736,True,False,,b1844cde847a3942v,HIGH,,,,,,2,,,435,736,437,1.0
384,,,17.81145206,ais/manual,10006,4708,True,False,,b1844cde847a3942v,HIGH,,,,,,2,,,406,708,437,1.0
385,,,178.5379064,ais/manual,10234,4722,True,False,,b1844cde847a3942v,HIGH,,,,,,2,,,634,722,437,1.0
386,,,186.6976485,ais/manual,9940,4625,True,False,,b1844cde847a3942v,HIGH,,,,,,2,,,340,625,437,1.0
387,,,175.3683777,ais/manual,10031,4147,True,False,,b1844cde847a3942v,HIGH,,,,,,2,,,431,147,437,1.0
388,,,204.763758,ais/manual,9851,4757,True,False,,b1844cde847a3942v,HIGH,,,,,,2,,,251,757,437,1.0
389,,,179.6946156,ais/manual,9838,4544,True,False,,b1844cde847a3942v,HIGH,,,,,,2,,,238,544,437,1.0
390,,,206.1971936,ais/manual,9709,4481,True,False,,b1844cde847a3942v,HIGH,,,,,,2,,,109,481,437,1.0
391,,,173.4664586,ais/manual,10154,4543,True,False,,b1844cde847a3942v,HIGH,,,,,,2,,,554,543,437,1.0
392,,,32.56948524,ais/manual,9951,4785,True,False,,b1844cde847a3942v,MEDIUM,,,,,,2,,,351,785,437,1.0
393,,,178.8093463,ais/manual,10281,4346,True,False,,b1844cde847a3942v,HIGH,,,,,,2,,,681,346,437,1.0
394,,,147.2168117,ais/manual,9711,4638,True,False,,b1844cde847a3942v,HIGH,,,,,,2,,,111,638,437,1.0
395,,,175.4454546,ais/manual,10204,4219,True,False,,b1844cde847a3942v,HIGH,,,,,,2,,,604,219,437,1.0
396,,,185.2225959,ais/manual,9881,4391,True,False,,b1844cde847a3942v,HIGH,,,,,,2,,,281,391,437,1.0
397,,,196.9880722,ais/manual,9832,4237,True,False,,b1844cde847a3942v,HIGH,,,,,,2,,,232,237,437,1.0
398,,,178.2235743,ais/manual,9611,4720,True,False,,b1844cde847a3942v,HIGH,,,,,,2,,,11,720,437,1.0
399,,,29.82529778,ais/manual,9619,4785,True,False,,b1844cde847a3942v,HIGH,,,,,,2,,,19,785,437,1.0
400,,,186.9618001,ais/manual,9703,4798,True,False,,b1844cde847a3942v,HIGH,,,,,,2,,,103,798,437,1.0
401,,,172.1970694,ais/manual,9714,4116,True,False,,b1844cde847a3942v,HIGH,,,,,,2,,,114,116,437,1.0
402,,,177.6434664,ais/manual,9724,4344,True,False,,b1844cde847a3942v,HIGH,,,,,,2,,,124,344,437,1.0
403,,,191.5344128,ais/manual,9635,4218,True,False,,b1844cde847a3942v,HIGH,,,,,,2,,,35,218,437,1.0
404,,,169.2457808,ais/manual,10018,4447,True,False,,b1844cde847a3942v,HIGH,,,,,,2,,,418,447,437,1.0
405,,,168.8167008,ais/manual,10050,4586,True,False,,b1844cde847a3942v,HIGH,,,,,,2,,,450,586,437,1.0
406,,,33.17944128,ais/manual,9654,4261,True,False,,b1844cde847a3942v,HIGH,,,,,,2,,,54,261,437,1.0
407,,,,manual,9683,4953,True,,,b1844cde847a3942v,MEDIUM,,,,,,1,,,83,153,438,1.0
408,,,169.5289918,ais/manual,9845,4949,True,False,,b1844cde847a3942v,HIGH,,,,,,2,,,245,149,438,1.0
409,,,136.7472183,ais/manual,10252,5323,True,False,,b1844cde847a3942v,HIGH,,,,,,2,,,652,523,438,1.0
410,,,199.1417454,ais/manual,10240,5537,True,False,,b1844cde847a3942v,HIGH,,,,,,2,,,640,737,438,1.0
411,,,164.2256421,ais/manual,9993,4884,True,False,,b1844cde847a3942v,HIGH,,,,,,2,,,393,84,438,1.0
412,,,221.2927013,ais/manual,9910,5431,True,False,,b1844cde847a3942v,HIGH,,,,,,2,,,310,631,438,1.0
413,,,36.32850485,ais/manual,9899,5459,True,False,,b1844cde847a3942v,HIGH,,,,,,2,,,299,659,438,1.0
414,,,230.5183612,ais/manual,10278,5730,True,False,,b1844cde847a3942v,HIGH,,,,,,2,,,678,130,439,1.0
415,,,120.2359004,ais/manual,10175,7702,True,False,,b1844cde847a3942v,HIGH,,,,,,2,,,575,502,441,1.0
416,,,,manual,9959,12307,True,,,b1844cde847a3942v,MEDIUM,,,,,,1,,,359,307,447,1.0
417,,,30.29911089,ais/manual,10398,12511,False,,,b1844cde847a3942v,HIGH,,,,,,3,,,798,511,447,1.0
418,,,38.61720056,ais/manual,9924,13570,True,True,,b1844cde847a3942v,HIGH,,,,,,1,,,324,770,448,1.0
419,,,,manual,10045,14127,True,,,b1844cde847a3942v,MEDIUM,,,,,,1,,,445,527,449,1.0
420,,,,manual,10384,19006,True,,,b1844cde847a3942v,LOW,,,,,,1,,,784,606,455,0.1
421,,,,manual,10190,19064,True,,,b1844cde847a3942v,MEDIUM,,,,,,1,,,590,664,455,1.0
422,,,,manual,10152,19668,True,,,b1844cde847a3942v,LOW,,,,,,1,,,552,468,456,0.1
423,,,,manual,10266,19433,True,,,b1844cde847a3942v,MEDIUM,,,,,,1,,,666,233,456,1.0
424,,,,manual,10201,19421,True,,,b1844cde847a3942v,MEDIUM,,,,,,1,,,601,221,456,1.0
425,,,,manual,10113,19762,True,,,b1844cde847a3942v,LOW,,,,,,1,,,513,562,456,0.1
426,,,,manual,10165,20484,True,,,b1844cde847a3942v,LOW,,,,,,1,,,565,484,457,0.1
427,,,,ais,10551,4767,,,,b1844cde847a3942v,LOW,,,,,,1,,,151,767,473,0.1
428,,,176.1410308,ais/manual,10717,4861,True,False,,b1844cde847a3942v,HIGH,,,,,,2,,,317,61,474,1.0
429,,,177.7130773,ais/manual,10602,5080,True,False,,b1844cde847a3942v,HIGH,,,,,,2,,,202,280,474,1.0
430,,,,manual,10830,5613,True,,,b1844cde847a3942v,MEDIUM,,,,,,1,,,430,13,475,1.0
431,,,,manual,10528,16314,True,,,b1844cde847a3942v,MEDIUM,,,,,,1,,,128,314,488,1.0
432,,,26.80559905,ais/manual,10430,17329,True,True,,b1844cde847a3942v,HIGH,,,,,,1,,,30,529,489,1.0
433,,,,manual,11025,18029,True,,,b1844cde847a3942v,LOW,,,,,,1,,,625,429,490,0.1
434,,,,manual,11160,19052,True,,,b1844cde847a3942v,LOW,,,,,,1,,,760,652,491,0.1
435,,,,manual,11124,19118,True,,,b1844cde847a3942v,MEDIUM,,,,,,1,,,724,718,491,1.0
436,,,,manual,10694,18945,True,,,b1844cde847a3942v,MEDIUM,,,,,,1,,,294,545,491,1.0
437,,,,manual,11156,18918,True,,,b1844cde847a3942v,LOW,,,,,,1,,,756,518,491,0.1
438,,,,manual,10804,19933,True,,,b1844cde847a3942v,MEDIUM,,,,,,1,,,404,733,492,1.0
439,,,,manual,10850,19787,True,,,b1844cde847a3942v,MEDIUM,,,,,,1,,,450,587,492,1.0
440,,,,manual,11050,19205,True,,,b1844cde847a3942v,MEDIUM,,,,,,1,,,650,5,492,1.0
441,,,,manual,10438,19631,True,,,b1844cde847a3942v,MEDIUM,,,,,,1,,,38,431,492,1.0
442,,,91.24086398,ais/manual,11370,7925,True,False,,b1844cde847a3942v,HIGH,,,,,,2,,,170,725,513,1.0
443,,,,manual,11975,10963,True,,,b1844cde847a3942v,MEDIUM,,,,,,1,,,775,563,517,1.0
444,,,,manual,11977,10529,True,,,b1844cde847a3942v,MEDIUM,,,,,,1,,,777,129,517,1.0
445,,,,ais/manual,11912,11165,False,,,b1844cde847a3942v,HIGH,,,,,,3,,,712,765,517,1.0
446,,,,ais/manual,11773,11192,False,,,b1844cde847a3942v,HIGH,,,,,,3,,,573,792,517,1.0
447,,,,ais/manual,11670,11049,False,,,b1844cde847a3942v,HIGH,,,,,,3,,,470,649,517,1.0
448,,,24.09738017,ais/manual,11258,11351,True,False,,b1844cde847a3942v,HIGH,,,,,,2,,,58,151,518,1.0
449,,,,manual,11294,14509,True,,,b1844cde847a3942v,LOW,,,,,,1,,,94,109,522,0.1
450,,,,manual,11267,19559,True,,,b1844cde847a3942v,MEDIUM,,,,,,1,,,67,359,528,1.0
451,,,115.02,ais/manual,12712,6909,True,False,,b1844cde847a3942v,HIGH,,,,,,2,,,712,509,548,1.0
452,,,,ais/manual,12024,9922,False,,,b1844cde847a3942v,HIGH,,,,,,3,,,24,322,552,1.0
453,,,,manual,12114,10188,True,,,b1844cde847a3942v,MEDIUM,,,,,,1,,,114,588,552,1.0
454,,,,manual,12460,20553,True,,,b1844cde847a3942v,LOW,,,,,,1,,,460,553,565,0.1
455,,,139.2060556,ais/manual,13503,5773,True,False,,b1844cde847a3942v,HIGH,,,,,,2,,,703,173,583,1.0
456,,,,manual,13119,19044,True,,,b1844cde847a3942v,MEDIUM,,,,,,1,,,319,644,599,1.0
457,,,,manual,13002,20892,True,,,b1844cde847a3942v,LOW,,,,,,1,,,202,92,602,0.1
458,,,,manual,13210,21369,True,,,b1844cde847a3942v,MEDIUM,,,,,,1,,,410,569,602,1.0
459,,,,ais/manual,13194,21201,False,,,b1844cde847a3942v,HIGH,,,,,,3,,,394,401,602,1.0
460,,,,manual,13370,23069,True,,,b1844cde847a3942v,LOW,,,,,,1,,,570,669,604,0.1
461,,,,ais/manual,13094,22499,False,,,b1844cde847a3942v,HIGH,,,,,,3,,,294,99,604,1.0
462,,,,ais/manual,13293,22712,False,,,b1844cde847a3942v,HIGH,,,,,,3,,,493,312,604,1.0
463,,,,ais/manual,13300,22585,False,,,b1844cde847a3942v,HIGH,,,,,,3,,,500,185,604,1.0
464,,,,ais/manual,13044,22464,False,,,b1844cde847a3942v,HIGH,,,,,,3,,,244,64,604,1.0
465,,,,ais/manual,13482,22856,False,,,b1844cde847a3942v,HIGH,,,,,,3,,,682,456,604,1.0
466,,,162.7281322,ais/manual,13815,3744,True,False,,b1844cde847a3942v,HIGH,,,,,,2,,,215,544,616,1.0
467,,,,manual,14217,19793,True,,,b1844cde847a3942v,MEDIUM,,,,,,1,,,617,593,636,1.0
468,,,,manual,14286,21088,True,,,b1844cde847a3942v,MEDIUM,,,,,,1,,,686,288,638,1.0
469,,,,ais/manual,14232,22264,False,,,b1844cde847a3942v,HIGH,,,,,,3,,,632,664,639,1.0
470,,,,ais/manual,14188,22271,False,,,b1844cde847a3942v,HIGH,,,,,,3,,,588,671,639,1.0
471,,,,ais/manual,14154,22197,False,,,b1844cde847a3942v,HIGH,,,,,,3,,,554,597,639,1.0
472,,,,ais/manual,13631,22344,False,,,b1844cde847a3942v,HIGH,,,,,,3,,,31,744,639,1.0
473,,,,ais/manual,14063,22140,False,,,b1844cde847a3942v,HIGH,,,,,,3,,,463,540,639,1.0
474,,,,ais/manual,14113,22121,False,,,b1844cde847a3942v,HIGH,,,,,,3,,,513,521,639,1.0
475,,,,ais/manual,14209,22562,False,,,b1844cde847a3942v,HIGH,,,,,,3,,,609,162,640,1.0
476,,,,ais/manual,13799,22485,False,,,b1844cde847a3942v,HIGH,,,,,,3,,,199,85,640,1.0
477,,,,ais/manual,13602,22835,False,,,b1844cde847a3942v,HIGH,,,,,,3,,,2,435,640,1.0
478,,,,ais/manual,14356,22815,False,,,b1844cde847a3942v,HIGH,,,,,,3,,,756,415,640,1.0
479,,,,ais/manual,13951,23116,False,,,b1844cde847a3942v,HIGH,,,,,,3,,,351,716,640,1.0
480,,,,ais/manual,14247,22689,False,,,b1844cde847a3942v,HIGH,,,,,,3,,,647,289,640,1.0
481,,,,ais/manual,14308,22654,False,,,b1844cde847a3942v,HIGH,,,,,,3,,,708,254,640,1.0
482,,,,ais/manual,14320,22660,False,,,b1844cde847a3942v,HIGH,,,,,,3,,,720,260,640,1.0
483,,,,ais/manual,14343,22643,False,,,b1844cde847a3942v,HIGH,,,,,,3,,,743,243,640,1.0
484,,,,manual,13793,22739,True,,,b1844cde847a3942v,LOW,,,,,,1,,,193,339,640,0.1
485,,,,ais/manual,14214,22403,False,,,b1844cde847a3942v,HIGH,,,,,,3,,,614,3,640,1.0
486,,,,ais/manual,13634,22903,False,,,b1844cde847a3942v,HIGH,,,,,,3,,,34,503,640,1.0
487,,,,ais/manual,14308,22609,False,,,b1844cde847a3942v,HIGH,,,,,,3,,,708,209,640,1.0
488,,,,ais/manual,14361,22585,False,,,b1844cde847a3942v,HIGH,,,,,,3,,,761,185,640,1.0
489,,,,ais/manual,13628,22980,False,,,b1844cde847a3942v,HIGH,,,,,,3,,,28,580,640,1.0
490,,,,ais/manual,13639,23033,False,,,b1844cde847a3942v,HIGH,,,,,,3,,,39,633,640,1.0
491,,,,ais/manual,13667,22526,False,,,b1844cde847a3942v,HIGH,,,,,,3,,,67,126,640,1.0
492,,,,ais/manual,13692,23576,False,,,b1844cde847a3942v,HIGH,,,,,,3,,,92,376,641,1.0
493,,,,ais/manual,13657,23491,False,,,b1844cde847a3942v,HIGH,,,,,,3,,,57,291,641,1.0
494,,,,ais/manual,13605,23446,False,,,b1844cde847a3942v,HIGH,,,,,,3,,,5,246,641,1.0
495,,,,ais/manual,13788,23272,False,,,b1844cde847a3942v,HIGH,,,,,,3,,,188,72,641,1.0
496,,,,manual,13763,23236,True,,,b1844cde847a3942v,LOW,,,,,,1,,,163,36,641,0.1
497,,,,ais/manual,13720,23574,False,,,b1844cde847a3942v,HIGH,,,,,,3,,,120,374,641,1.0
498,,,,manual,13795,23596,True,,,b1844cde847a3942v,LOW,,,,,,1,,,195,396,641,0.1
499,,,,manual,13760,23618,True,,,b1844cde847a3942v,LOW,,,,,,1,,,160,418,641,0.1
500,,,30.37863292,ais/manual,13989,23230,True,False,,b1844cde847a3942v,HIGH,,,,,,2,,,389,30,641,1.0
501,,,,ais/manual,14865,22247,False,,,b1844cde847a3942v,HIGH,,,,,,3,,,465,647,675,1.0
502,,,,ais/manual,14866,22192,False,,,b1844cde847a3942v,HIGH,,,,,,3,,,466,592,675,1.0
503,,,,ais/manual,14785,21862,False,,,b1844cde847a3942v,HIGH,,,,,,3,,,385,262,675,1.0
504,,,,ais/manual,14848,22333,False,,,b1844cde847a3942v,HIGH,,,,,,3,,,448,733,675,1.0
505,,,,ais/manual,14868,22167,False,,,b1844cde847a3942v,HIGH,,,,,,3,,,468,567,675,1.0
506,,,,manual,14894,21806,True,,,b1844cde847a3942v,MEDIUM,,,,,,1,,,494,206,675,1.0
507,,,,ais/manual,14856,22040,False,,,b1844cde847a3942v,HIGH,,,,,,3,,,456,440,675,1.0
508,,,,ais/manual,14964,22194,False,,,b1844cde847a3942v,HIGH,,,,,,3,,,564,594,675,1.0
509,,,,ais/manual,14671,23014,False,,,b1844cde847a3942v,HIGH,,,,,,3,,,271,614,676,1.0
510,,,,ais/manual,14809,22472,False,,,b1844cde847a3942v,HIGH,,,,,,3,,,409,72,676,1.0
511,,,35.1578078,ais/manual,14769,22520,False,,,b1844cde847a3942v,HIGH,,,,,,3,,,369,120,676,1.0
512,,,,ais/manual,14480,23761,False,,,b1844cde847a3942v,HIGH,,,,,,3,,,80,561,677,1.0
513,,,,ais/manual,14430,23701,False,,,b1844cde847a3942v,HIGH,,,,,,3,,,30,501,677,1.0
514,,,,ais/manual,14481,23640,False,,,b1844cde847a3942v,HIGH,,,,,,3,,,81,440,677,1.0
515,,,,ais/manual,14973,23408,False,,,b1844cde847a3942v,HIGH,,,,,,3,,,573,208,677,1.0
516,,,,ais,14502,23867,False,,,b1844cde847a3942v,HIGH,,,,,,3,,,102,667,677,1.0
517,,,,ais/manual,14561,23930,False,,,b1844cde847a3942v,HIGH,,,,,,3,,,161,730,677,1.0
518,,,,ais/manual,14529,23911,False,,,b1844cde847a3942v,HIGH,,,,,,3,,,129,711,677,1.0
519,,,,ais/manual,14697,24150,False,,,b1844cde847a3942v,HIGH,,,,,,3,,,297,150,678,1.0
520,,,,ais/manual,14838,24400,False,,,b1844cde847a3942v,HIGH,,,,,,3,,,438,400,678,1.0
521,,,,ais/manual,14873,24158,False,,,b1844cde847a3942v,HIGH,,,,,,3,,,473,158,678,1.0
522,,,,manual,14726,26371,True,,,b1844cde847a3942v,MEDIUM,,,,,,1,,,326,771,680,1.0
523,,,,manual,14746,26387,True,,,b1844cde847a3942v,MEDIUM,,,,,,1,,,346,787,680,1.0
524,,,28.71676145,ais/manual,15267,20578,True,True,,b1844cde847a3942v,HIGH,,,,,,1,,,67,578,709,1.0
525,,,,ais/manual,15898,21416,False,,,b1844cde847a3942v,HIGH,,,,,,3,,,698,616,710,1.0
526,,,,ais/manual,15211,23179,False,,,b1844cde847a3942v,HIGH,,,,,,3,,,11,779,712,1.0
527,,,,ais/manual,15808,22406,False,,,b1844cde847a3942v,HIGH,,,,,,3,,,608,6,712,1.0
528,,,,ais/manual,15644,23042,False,,,b1844cde847a3942v,HIGH,,,,,,3,,,444,642,712,1.0
529,,,,ais/manual,15767,23180,False,,,b1844cde847a3942v,HIGH,,,,,,3,,,567,780,712,1.0
530,,,,ais/manual,15926,22487,False,,,b1844cde847a3942v,HIGH,,,,,,3,,,726,87,712,1.0
531,,,,ais/manual,15619,23139,False,,,b1844cde847a3942v,HIGH,,,,,,3,,,419,739,712,1.0
532,,,,ais/manual,15344,23186,False,,,b1844cde847a3942v,HIGH,,,,,,3,,,144,786,712,1.0
533,,,,ais,15348,23085,False,,,b1844cde847a3942v,HIGH,,,,,,3,,,148,685,712,1.0
534,,,,ais/manual,15281,23165,False,,,b1844cde847a3942v,HIGH,,,,,,3,,,81,765,712,1.0
535,,,,ais/manual,15453,23126,False,,,b1844cde847a3942v,HIGH,,,,,,3,,,253,726,712,1.0
536,,,,manual,15421,23441,True,,,b1844cde847a3942v,MEDIUM,,,,,,1,,,221,241,713,1.0
537,,,,ais/manual,15705,23566,False,,,b1844cde847a3942v,HIGH,,,,,,3,,,505,366,713,1.0
538,,,,ais/manual,15741,23570,False,,,b1844cde847a3942v,HIGH,,,,,,3,,,541,370,713,1.0
539,,,,ais/manual,15448,23249,False,,,b1844cde847a3942v,HIGH,,,,,,3,,,248,49,713,1.0
540,,,,ais/manual,15538,23400,False,,,b1844cde847a3942v,HIGH,,,,,,3,,,338,200,713,1.0
541,,,,ais/manual,15557,23435,False,,,b1844cde847a3942v,HIGH,,,,,,3,,,357,235,713,1.0
542,,,,ais/manual,15647,23414,False,,,b1844cde847a3942v,HIGH,,,,,,3,,,447,214,713,1.0
543,,,,manual,15489,23240,True,,,b1844cde847a3942v,MEDIUM,,,,,,1,,,289,40,713,1.0
544,,,,manual,15488,23266,True,,,b1844cde847a3942v,MEDIUM,,,,,,1,,,288,66,713,1.0
545,,,,ais/manual,15707,23218,False,,,b1844cde847a3942v,HIGH,,,,,,3,,,507,18,713,1.0
546,,,,ais/manual,15709,23406,False,,,b1844cde847a3942v,HIGH,,,,,,3,,,509,206,713,1.0
547,,,,ais/manual,15698,23714,False,,,b1844cde847a3942v,HIGH,,,,,,3,,,498,514,713,1.0
548,,,,ais/manual,15836,23448,False,,,b1844cde847a3942v,HIGH,,,,,,3,,,636,248,713,1.0
549,,,,ais/manual,15653,23306,False,,,b1844cde847a3942v,HIGH,,,,,,3,,,453,106,713,1.0
550,,,,ais/manual,15458,23341,False,,,b1844cde847a3942v,HIGH,,,,,,3,,,258,141,713,1.0
551,,,,ais/manual,15624,23570,False,,,b1844cde847a3942v,HIGH,,,,,,3,,,424,370,713,1.0
552,,,,ais/manual,15648,23525,False,,,b1844cde847a3942v,HIGH,,,,,,3,,,448,325,713,1.0
553,,,,ais/manual,15676,23525,False,,,b1844cde847a3942v,HIGH,,,,,,3,,,476,325,713,1.0
554,,,,ais/manual,15663,23564,False,,,b1844cde847a3942v,HIGH,,,,,,3,,,463,364,713,1.0
555,,,31.16277851,ais/manual,15550,23476,False,,,b1844cde847a3942v,HIGH,,,,,,3,,,350,276,713,1.0
556,,,41.51329929,ais/manual,15556,23444,False,,,b1844cde847a3942v,HIGH,,,,,,3,,,356,244,713,1.0
557,,,43.09011622,ais/manual,15549,23548,True,False,,b1844cde847a3942v,HIGH,,,,,,2,,,349,348,713,1.0
558,,,38.76914013,ais/manual,15361,23366,True,False,,b1844cde847a3942v,HIGH,,,,,,2,,,161,166,713,1.0
559,,,,ais/manual,15938,24415,False,,,b1844cde847a3942v,HIGH,,,,,,3,,,738,415,714,1.0
560,,,,ais/manual,15844,24290,False,,,b1844cde847a3942v,HIGH,,,,,,3,,,644,290,714,1.0
561,,,,ais/manual,15843,24875,False,,,b1844cde847a3942v,HIGH,,,,,,3,,,643,75,715,1.0
562,,,,manual,16407,18316,True,,,b1844cde847a3942v,LOW,,,,,,1,,,407,716,742,0.1
563,,,,manual,16694,18309,True,,,b1844cde847a3942v,LOW,,,,,,1,,,694,709,742,0.1
564,,,56.18864083,ais/manual,16050,18343,True,False,,b1844cde847a3942v,HIGH,,,,,,2,,,50,743,742,1.0
565,,,61.08989519,ais/manual,16411,18315,True,False,,b1844cde847a3942v,HIGH,,,,,,2,,,411,715,742,1.0
566,,,,ais/manual,16229,18715,False,,,b1844cde847a3942v,HIGH,,,,,,3,,,229,315,743,1.0
567,,,,manual,16397,18556,True,,,b1844cde847a3942v,MEDIUM,,,,,,1,,,397,156,743,1.0
568,,,50.08408303,ais/manual,16125,18721,True,False,,b1844cde847a3942v,HIGH,,,,,,2,,,125,321,743,1.0
569,,,,manual,16028,22578,True,,,b1844cde847a3942v,MEDIUM,,,,,,1,,,28,178,748,1.0
570,,,,manual,16268,23372,True,,,b1844cde847a3942v,MEDIUM,,,,,,1,,,268,172,749,1.0
571,,,,ais/manual,16100,24459,False,,,b1844cde847a3942v,HIGH,,,,,,3,,,100,459,750,1.0
572,,,,manual,16014,24434,True,,,b1844cde847a3942v,LOW,,,,,,1,,,14,434,750,0.1
573,,,,ais,16335,24511,False,,,b1844cde847a3942v,HIGH,,,,,,3,,,335,511,750,1.0
574,,,,ais/manual,16364,24741,False,,,b1844cde847a3942v,HIGH,,,,,,3,,,364,741,750,1.0
575,,,,ais/manual,16519,25081,False,,,b1844cde847a3942v,HIGH,,,,,,3,,,519,281,751,1.0
576,,,,ais/manual,16337,24893,False,,,b1844cde847a3942v,HIGH,,,,,,3,,,337,93,751,1.0
577,,,,manual,16423,25017,True,,,b1844cde847a3942v,LOW,,,,,,1,,,423,217,751,0.1
578,,,,ais/manual,16366,24983,False,,,b1844cde847a3942v,HIGH,,,,,,3,,,366,183,751,1.0
579,,,,ais/manual,16436,25000,False,,,b1844cde847a3942v,HIGH,,,,,,3,,,436,200,751,1.0
580,,,,ais/manual,16443,24939,False,,,b1844cde847a3942v,HIGH,,,,,,3,,,443,139,751,1.0
581,,,,ais/manual,16781,25352,False,,,b1844cde847a3942v,HIGH,,,,,,3,,,781,552,751,1.0
582,,,,ais/manual,16704,25294,False,,,b1844cde847a3942v,HIGH,,,,,,3,,,704,494,751,1.0
583,,,,ais/manual,16678,25048,False,,,b1844cde847a3942v,HIGH,,,,,,3,,,678,248,751,1.0
584,,,,ais/manual,16566,25042,False,,,b1844cde847a3942v,HIGH,,,,,,3,,,566,242,751,1.0
585,,,,ais/manual,16523,25008,False,,,b1844cde847a3942v,HIGH,,,,,,3,,,523,208,751,1.0
586,,,,ais/manual,16575,24923,False,,,b1844cde847a3942v,HIGH,,,,,,3,,,575,123,751,1.0
587,,,109.2589898,ais/manual,16862,2846,True,False,,b1844cde847a3942v,HIGH,,,,,,2,,,62,446,759,1.0
588,,,178.973521,ais/manual,17464,2938,True,False,,b1844cde847a3942v,HIGH,,,,,,2,,,664,538,759,1.0
589,,,140.3520539,manual,17434,2944,False,,,b1844cde847a3942v,MEDIUM,,,,,,3,,,634,544,759,1.0
590,,,,manual,17415,3872,True,,,b1844cde847a3942v,LOW,,,,,,1,,,615,672,760,0.1
591,,,,ais/manual,17439,24340,False,,,b1844cde847a3942v,HIGH,,,,,,3,,,639,340,786,1.0
592,,,,ais/manual,17594,24415,False,,,b1844cde847a3942v,HIGH,,,,,,3,,,794,415,786,1.0
593,,,,ais/manual,16854,25297,False,,,b1844cde847a3942v,HIGH,,,,,,3,,,54,497,787,1.0
594,,,,manual,17398,25597,True,,,b1844cde847a3942v,LOW,,,,,,1,,,598,797,787,0.1
595,,,,ais/manual,17516,24847,False,,,b1844cde847a3942v,HIGH,,,,,,3,,,716,47,787,1.0
596,,,,ais/manual,17246,25572,False,,,b1844cde847a3942v,HIGH,,,,,,3,,,446,772,787,1.0
597,,,,ais/manual,17346,25595,False,,,b1844cde847a3942v,HIGH,,,,,,3,,,546,795,787,1.0
598,,,,ais/manual,17577,25544,False,,,b1844cde847a3942v,HIGH,,,,,,3,,,777,744,787,1.0
599,,,,ais,17513,25601,False,,,b1844cde847a3942v,HIGH,,,,,,3,,,713,1,788,1.0
600,,,,ais/manual,17250,25651,False,,,b1844cde847a3942v,HIGH,,,,,,3,,,450,51,788,1.0
601,,,,manual,17405,25663,True,,,b1844cde847a3942v,LOW,,,,,,1,,,605,63,788,0.1
602,,,,ais/manual,17379,25623,False,,,b1844cde847a3942v,HIGH,,,,,,3,,,579,23,788,1.0
603,,,,ais/manual,17369,25735,False,,,b1844cde847a3942v,HIGH,,,,,,3,,,569,135,788,1.0
604,,,24.9108539,ais/manual,17434,25729,False,,,b1844cde847a3942v,HIGH,,,,,,3,,,634,129,788,1.0
605,,,36.1269783,ais/manual,17501,25844,False,,,b1844cde847a3942v,HIGH,,,,,,3,,,701,244,788,1.0
606,,,,ais/manual,18331,8767,True,False,,b1844cde847a3942v,HIGH,,,,,,2,,,731,767,802,1.0
607,,,45.39788236,ais/manual,18101,22883,True,False,,b1844cde847a3942v,HIGH,,,,,,2,,,501,483,820,1.0
608,,,61.84941138,ais/manual,18273,22797,True,False,,b1844cde847a3942v,HIGH,,,,,,2,,,673,397,820,1.0
609,,,56.06938899,ais/manual,18254,23048,True,False,,b1844cde847a3942v,HIGH,,,,,,2,,,654,648,820,1.0
610,,,54.03608062,ais/manual,18226,22909,False,,,b1844cde847a3942v,HIGH,,,,,,3,,,626,509,820,1.0
611,,,,ais/manual,18069,24707,False,,,b1844cde847a3942v,HIGH,,,,,,3,,,469,707,822,1.0
612,,,,ais/manual,17755,24525,False,,,b1844cde847a3942v,HIGH,,,,,,3,,,155,525,822,1.0
613,,,25.28196017,ais/manual,18006,24531,True,False,,b1844cde847a3942v,HIGH,,,,,,2,,,406,531,822,1.0
614,,,69.3621634,ais/manual,17929,24496,True,False,,b1844cde847a3942v,HIGH,,,,,,2,,,329,496,822,1.0
615,,,,ais/manual,17976,25555,False,,,b1844cde847a3942v,HIGH,,,,,,3,,,376,755,823,1.0
616,,,,ais/manual,17746,25360,False,,,b1844cde847a3942v,HIGH,,,,,,3,,,146,560,823,1.0
617,,,,ais/manual,17768,25389,False,,,b1844cde847a3942v,HIGH,,,,,,3,,,168,589,823,1.0
618,,,,ais/manual,17952,25263,False,,,b1844cde847a3942v,HIGH,,,,,,3,,,352,463,823,1.0
619,,,,ais/manual,17986,25186,False,,,b1844cde847a3942v,HIGH,,,,,,3,,,386,386,823,1.0
620,,,,ais/manual,17926,25260,False,,,b1844cde847a3942v,HIGH,,,,,,3,,,326,460,823,1.0
621,,,,ais/manual,17933,25233,False,,,b1844cde847a3942v,HIGH,,,,,,3,,,333,433,823,1.0
622,,,,manual,17882,25325,True,,,b1844cde847a3942v,MEDIUM,,,,,,1,,,282,525,823,1.0
623,,,,ais/manual,17880,25385,False,,,b1844cde847a3942v,HIGH,,,,,,3,,,280,585,823,1.0
624,,,,ais/manual,17837,25358,False,,,b1844cde847a3942v,HIGH,,,,,,3,,,237,558,823,1.0
625,,,,ais/manual,17827,25295,False,,,b1844cde847a3942v,HIGH,,,,,,3,,,227,495,823,1.0
626,,,,ais/manual,18186,25445,False,,,b1844cde847a3942v,HIGH,,,,,,3,,,586,645,823,1.0
627,,,,ais/manual,17747,25577,False,,,b1844cde847a3942v,HIGH,,,,,,3,,,147,777,823,1.0
628,,,,ais/manual,18081,25243,False,,,b1844cde847a3942v,HIGH,,,,,,3,,,481,443,823,1.0
629,,,,ais/manual,18036,25278,False,,,b1844cde847a3942v,HIGH,,,,,,3,,,436,478,823,1.0
630,,,,ais/manual,18022,25285,False,,,b1844cde847a3942v,HIGH,,,,,,3,,,422,485,823,1.0
631,,,,ais/manual,17609,25006,False,,,b1844cde847a3942v,HIGH,,,,,,3,,,9,206,823,1.0
632,,,,ais/manual,18179,25287,False,,,b1844cde847a3942v,HIGH,,,,,,3,,,579,487,823,1.0
633,,,,manual,17877,25272,True,,,b1844cde847a3942v,MEDIUM,,,,,,1,,,277,472,823,1.0
634,,,,ais/manual,17867,25284,False,,,b1844cde847a3942v,HIGH,,,,,,3,,,267,484,823,1.0
635,,,,ais/manual,17866,25203,False,,,b1844cde847a3942v,HIGH,,,,,,3,,,266,403,823,1.0
636,,,,ais/manual,17826,25229,False,,,b1844cde847a3942v,HIGH,,,,,,3,,,226,429,823,1.0
637,,,,ais/manual,18114,25444,False,,,b1844cde847a3942v,HIGH,,,,,,3,,,514,644,823,1.0
638,,,,ais/manual,18063,25446,False,,,b1844cde847a3942v,HIGH,,,,,,3,,,463,646,823,1.0
639,,,,ais/manual,17980,25385,False,,,b1844cde847a3942v,HIGH,,,,,,3,,,380,585,823,1.0
640,,,,ais/manual,17981,25326,False,,,b1844cde847a3942v,HIGH,,,,,,3,,,381,526,823,1.0
641,,,,ais/manual,17931,25349,False,,,b1844cde847a3942v,HIGH,,,,,,3,,,331,549,823,1.0
642,,,,ais/manual,17932,25294,False,,,b1844cde847a3942v,HIGH,,,,,,3,,,332,494,823,1.0
643,,,,ais/manual,17792,25149,False,,,b1844cde847a3942v,HIGH,,,,,,3,,,192,349,823,1.0
644,,,,ais/manual,17703,25078,False,,,b1844cde847a3942v,HIGH,,,,,,3,,,103,278,823,1.0
645,,,,ais/manual,17730,25103,False,,,b1844cde847a3942v,HIGH,,,,,,3,,,130,303,823,1.0
646,,,,ais/manual,17660,24908,False,,,b1844cde847a3942v,HIGH,,,,,,3,,,60,108,823,1.0
647,,,,ais/manual,17621,24930,False,,,b1844cde847a3942v,HIGH,,,,,,3,,,21,130,823,1.0
648,,,,ais/manual,18151,24822,False,,,b1844cde847a3942v,HIGH,,,,,,3,,,551,22,823,1.0
649,,,,ais/manual,17866,25505,False,,,b1844cde847a3942v,HIGH,,,,,,3,,,266,705,823,1.0
650,,,,ais/manual,17871,25459,False,,,b1844cde847a3942v,HIGH,,,,,,3,,,271,659,823,1.0
651,,,,ais/manual,17680,25080,False,,,b1844cde847a3942v,HIGH,,,,,,3,,,80,280,823,1.0
652,,,,ais/manual,18221,25515,False,,,b1844cde847a3942v,HIGH,,,,,,3,,,621,715,823,1.0
653,,,,ais/manual,18301,25086,False,,,b1844cde847a3942v,HIGH,,,,,,3,,,701,286,823,1.0
654,,,,ais/manual,18094,25386,False,,,b1844cde847a3942v,HIGH,,,,,,3,,,494,586,823,1.0
655,,,,ais/manual,18035,25294,False,,,b1844cde847a3942v,HIGH,,,,,,3,,,435,494,823,1.0
656,,,,ais/manual,17665,25406,False,,,b1844cde847a3942v,HIGH,,,,,,3,,,65,606,823,1.0
657,,,,ais/manual,18329,25025,False,,,b1844cde847a3942v,HIGH,,,,,,3,,,729,225,823,1.0
658,,,,ais/manual,17934,25158,False,,,b1844cde847a3942v,HIGH,,,,,,3,,,334,358,823,1.0
659,,,,ais/manual,18065,25587,False,,,b1844cde847a3942v,HIGH,,,,,,3,,,465,787,823,1.0
660,,,38.03710769,ais,17867,25299,False,,,b1844cde847a3942v,HIGH,,,,,,3,,,267,499,823,1.0
661,,,34.36702772,ais/manual,18240,25457,True,False,,b1844cde847a3942v,HIGH,,,,,,2,,,640,657,823,1.0
662,,,57.05192941,ais/manual,18158,25415,False,,,b1844cde847a3942v,HIGH,,,,,,3,,,558,615,823,1.0
663,,,81.08913685,ais/manual,17825,24898,True,False,,b1844cde847a3942v,HIGH,,,,,,2,,,225,98,823,1.0
664,,,35.44674516,ais/manual,18277,25191,True,False,,b1844cde847a3942v,HIGH,,,,,,2,,,677,391,823,1.0
665,,,68.3526223,ais/manual,18183,25360,False,,,b1844cde847a3942v,HIGH,,,,,,3,,,583,560,823,1.0
666,,,56.15438323,ais/manual,18354,25344,True,False,,b1844cde847a3942v,HIGH,,,,,,2,,,754,544,823,1.0
667,,,30.33661701,ais/manual,17839,25178,False,,,b1844cde847a3942v,HIGH,,,,,,3,,,239,378,823,1.0
668,,,42.99682753,ais/manual,17987,25442,False,,,b1844cde847a3942v,HIGH,,,,,,3,,,387,642,823,1.0
669,,,32.46528711,ais/manual,18084,25333,True,False,,b1844cde847a3942v,HIGH,,,,,,2,,,484,533,823,1.0
670,,,37.27271331,ais/manual,17620,25367,False,,,b1844cde847a3942v,HIGH,,,,,,3,,,20,567,823,1.0
671,,,37.39155007,ais/manual,18084,25511,False,,,b1844cde847a3942v,HIGH,,,,,,3,,,484,711,823,1.0
672,,,,ais/manual,17754,25825,False,,,b1844cde847a3942v,HIGH,,,,,,3,,,154,225,824,1.0
673,,,,ais/manual,17949,25666,False,,,b1844cde847a3942v,HIGH,,,,,,3,,,349,66,824,1.0
674,,,,ais/manual,17934,25927,False,,,b1844cde847a3942v,HIGH,,,,,,3,,,334,327,824,1.0
675,,,,ais/manual,17936,25923,False,,,b1844cde847a3942v,HIGH,,,,,,3,,,336,323,824,1.0
676,,,,ais/manual,17662,25782,False,,,b1844cde847a3942v,HIGH,,,,,,3,,,62,182,824,1.0
677,,,,ais/manual,17798,25907,False,,,b1844cde847a3942v,HIGH,,,,,,3,,,198,307,824,1.0
678,,,,ais/manual,17879,25826,False,,,b1844cde847a3942v,HIGH,,,,,,3,,,279,226,824,1.0
679,,,,ais/manual,17838,25644,False,,,b1844cde847a3942v,HIGH,,,,,,3,,,238,44,824,1.0
680,,,23.65244908,ais/manual,17660,25865,False,,,b1844cde847a3942v,HIGH,,,,,,3,,,60,265,824,1.0
681,,,44.79298771,ais/manual,17685,25610,True,False,,b1844cde847a3942v,HIGH,,,,,,2,,,85,10,824,1.0
682,,,,ais/manual,18541,22412,False,,,b1844cde847a3942v,HIGH,,,,,,3,,,141,12,856,1.0
683,,,46.353204,ais/manual,18588,22433,True,False,,b1844cde847a3942v,HIGH,,,,,,2,,,188,33,856,1.0
684,,,,ais/manual,18423,23987,False,,,b1844cde847a3942v,HIGH,,,,,,3,,,23,787,857,1.0
685,,,,ais/manual,18609,23691,False,,,b1844cde847a3942v,HIGH,,,,,,3,,,209,491,857,1.0
686,,,49.34071211,ais/manual,18565,23732,True,False,,b1844cde847a3942v,HIGH,,,,,,2,,,165,532,857,1.0
687,,,,ais/manual,18414,24503,False,,,b1844cde847a3942v,HIGH,,,,,,3,,,14,503,858,1.0
688,,,,ais/manual,18401,24341,False,,,b1844cde847a3942v,HIGH,,,,,,3,,,1,341,858,1.0
689,,,,manual,19160,24434,True,,,b1844cde847a3942v,LOW,,,,,,1,,,760,434,858,0.1
690,,,57.338799,ais/manual,18423,24048,True,False,,b1844cde847a3942v,HIGH,,,,,,2,,,23,48,858,1.0
691,,,171.0262187,ais/manual,18423,24005,True,False,,b1844cde847a3942v,HIGH,,,,,,2,,,23,5,858,1.0
692,,,56.17737127,ais/manual,18489,24450,True,False,,b1844cde847a3942v,HIGH,,,,,,2,,,89,450,858,1.0
693,,,63.37536832,ais/manual,18511,24018,True,False,,b1844cde847a3942v,HIGH,,,,,,2,,,111,18,858,1.0
694,,,33.15082936,manual,19005,24632,True,,,b1844cde847a3942v,MEDIUM,,,,,,1,,,605,632,858,1.0
695,,,,ais/manual,18410,25358,False,,,b1844cde847a3942v,HIGH,,,,,,3,,,10,558,859,1.0
696,,,102.0020209,ais/manual,19169,25124,True,False,,b1844cde847a3942v,HIGH,,,,,,2,,,769,324,859,1.0
697,,,40.73668491,ais,18671,25479,False,,,b1844cde847a3942v,HIGH,,,,,,3,,,271,679,859,1.0
698,,,168.4392565,ais/manual,19087,25098,True,False,,b1844cde847a3942v,HIGH,,,,,,2,,,687,298,859,1.0
699,,,142.4903512,ais/manual,18988,25184,True,False,,b1844cde847a3942v,HIGH,,,,,,2,,,588,384,859,1.0
700,,,39.93852333,ais/manual,18540,25262,False,,,b1844cde847a3942v,HIGH,,,,,,3,,,140,462,859,1.0
701,,,89.24282218,ais/manual,18905,25058,True,False,,b1844cde847a3942v,HIGH,,,,,,2,,,505,258,859,1.0
702,,,,manual,19684,17432,True,,,b1844cde847a3942v,MEDIUM,,,,,,1,,,484,632,885,1.0
703,,,51.97619927,ais/manual,19781,19926,False,,,b1844cde847a3942v,HIGH,,,,,,3,,,581,726,888,1.0
704,,,240.1687969,ais/manual,19318,23974,True,False,,b1844cde847a3942v,HIGH,,,,,,2,,,118,774,893,1.0
705,,,,manual,19225,24384,True,,,b1844cde847a3942v,LOW,,,,,,1,,,25,384,894,0.1
706,,,190.0,ais/manual,19779,25028,True,False,,b1844cde847a3942v,HIGH,,,,,,2,,,579,228,895,1.0
707,,,157.6096996,ais/manual,19518,25104,True,False,,b1844cde847a3942v,HIGH,,,,,,2,,,318,304,895,1.0
708,,,203.0646699,ais/manual,19667,25133,True,False,,b1844cde847a3942v,HIGH,,,,,,2,,,467,333,895,1.0
709,,,201.9434849,ais/manual,19814,25121,True,False,,b1844cde847a3942v,HIGH,,,,,,2,,,614,321,895,1.0
710,,,,manual,20270,14982,True,,,b1844cde847a3942v,MEDIUM,,,,,,1,,,270,582,918,1.0
711,,,38.17741089,ais/manual,20044,17048,True,False,,b1844cde847a3942v,HIGH,,,,,,2,,,44,248,921,1.0
712,,,55.23293206,ais/manual,20131,17335,True,False,,b1844cde847a3942v,HIGH,,,,,,2,,,131,535,921,1.0
713,,,219.0113485,ais/manual,20206,17332,True,False,,b1844cde847a3942v,HIGH,,,,,,2,,,206,532,921,1.0
714,,,51.69079376,ais/manual,20315,17125,True,False,,b1844cde847a3942v,HIGH,,,,,,2,,,315,325,921,1.0
715,,,81.51376363,ais/manual,20192,17032,True,False,,b1844cde847a3942v,HIGH,,,,,,2,,,192,232,921,1.0
716,,,63.71287667,ais/manual,20233,16993,True,False,,b1844cde847a3942v,HIGH,,,,,,2,,,233,193,921,1.0
717,,,,ais/manual,20115,17174,True,False,,b1844cde847a3942v,HIGH,,,,,,2,,,115,374,921,1.0
718,,,46.65642076,ais/manual,20480,16851,True,False,,b1844cde847a3942v,HIGH,,,,,,2,,,480,51,921,1.0
719,,,,manual,21519,24472,True,,,b1844cde847a3942v,MEDIUM,,,,,,1,,,719,472,966,1.0
720,,,,manual,21434,24661,True,,,b1844cde847a3942v,MEDIUM,,,,,,1,,,634,661,966,1.0
721,,,24.54165053,manual,21473,24633,True,,,b1844cde847a3942v,MEDIUM,,,,,,1,,,673,633,966,1.0
722,,,87.84646824,ais/manual,22097,16392,True,False,,b1844cde847a3942v,HIGH,,,,,,2,,,497,392,992,1.0
723,,,50.29913023,ais/manual,22289,16319,True,False,,b1844cde847a3942v,HIGH,,,,,,2,,,689,319,992,1.0
724,,,28.0,ais,5457,26683,,,,cbe4ad26fe73f118t,LOW,,,,,,1,,,657,283,261,0.1
725,,,40.0,ais,6447,27125,,,,cbe4ad26fe73f118t,LOW,,,,,,1,,,47,725,337,0.1
726,,,,ais,7644,26293,,,,cbe4ad26fe73f118t,LOW,,,,,,1,,,444,693,374,0.1
727,,,,ais,8352,26339,,,,cbe4ad26fe73f118t,LOW,,,,,,1,,,352,739,412,0.1
728,,,13.300000095,ais,9148,19455,,,,cbe4ad26fe73f118t,LOW,,,,,,1,,,348,255,442,0.1
729,,,32.2,ais,9888,7815,True,True,,cbe4ad26fe73f118t,MEDIUM,,,,,,1,,,288,615,465,1.0
730,,,29.5,ais,10500,7488,True,True,,cbe4ad26fe73f118t,MEDIUM,,,,,,1,,,100,288,503,1.0
731,,,14.10000019,ais,11852,9620,,,,cbe4ad26fe73f118t,LOW,,,,,,1,,,652,20,544,0.1
732,,,25.7625,ais,11937,26355,,,,cbe4ad26fe73f118t,LOW,,,,,,1,,,737,755,564,0.1
733,,,80.57935658328071,ais,12680,2988,True,False,,cbe4ad26fe73f118t,MEDIUM,,,,,,2,,,680,588,573,1.0
734,,,100.01839158802753,ais,12573,3098,True,False,,cbe4ad26fe73f118t,MEDIUM,,,,,,2,,,573,698,573,1.0
735,,,82.37340729324727,ais,12642,3064,True,False,,cbe4ad26fe73f118t,MEDIUM,,,,,,2,,,642,664,573,1.0
736,,,166.0949729388456,ais,12686,5236,True,False,,cbe4ad26fe73f118t,MEDIUM,,,,,,2,,,686,436,576,1.0
737,,,21.3732856068625,ais,12567,5557,True,False,,cbe4ad26fe73f118t,MEDIUM,,,,,,2,,,567,757,576,1.0
738,,,20.12773024172,ais,12021,4804,True,False,,cbe4ad26fe73f118t,MEDIUM,,,,,,2,,,21,4,576,1.0
739,,,28.0,ais,12766,6920,True,True,,cbe4ad26fe73f118t,MEDIUM,,,,,,1,,,766,520,578,1.0
740,,,23.5,ais,12717,7904,True,True,,cbe4ad26fe73f118t,MEDIUM,,,,,,1,,,717,704,579,1.0
741,,,27.126666463333333,ais,12765,7834,True,True,,cbe4ad26fe73f118t,MEDIUM,,,,,,1,,,765,634,579,1.0
742,,,11.98,ais,12611,10301,True,True,,cbe4ad26fe73f118t,MEDIUM,,,,,,1,,,611,701,582,1.0
743,,,17.79999962,ais,12334,10251,True,True,,cbe4ad26fe73f118t,MEDIUM,,,,,,1,,,334,651,582,1.0
744,,,14.95,ais,12040,9826,True,True,,cbe4ad26fe73f118t,MEDIUM,,,,,,1,,,40,226,582,1.0
745,,,147.85617827424696,ais,12119,11337,True,False,,cbe4ad26fe73f118t,MEDIUM,,,,,,2,,,119,137,584,1.0
746,,,,ais,12114,12366,,,,cbe4ad26fe73f118t,LOW,,,,,,1,,,114,366,585,0.1
747,,,35.5,ais,12785,12707,True,True,,cbe4ad26fe73f118t,MEDIUM,,,,,,1,,,785,707,585,1.0
748,,,37.0,ais,12732,12624,True,True,,cbe4ad26fe73f118t,MEDIUM,,,,,,1,,,732,624,585,1.0
749,,,67.25310942447409,ais,12010,13338,True,False,,cbe4ad26fe73f118t,MEDIUM,,,,,,2,,,10,538,586,1.0
750,,,30.5,ais,12735,13197,True,True,,cbe4ad26fe73f118t,MEDIUM,,,,,,1,,,735,397,586,1.0
751,,,37.0,ais,12774,13150,True,True,,cbe4ad26fe73f118t,MEDIUM,,,,,,1,,,774,350,586,1.0
752,,,28.0,ais,12704,13015,True,True,,cbe4ad26fe73f118t,MEDIUM,,,,,,1,,,704,215,586,1.0
753,,,29.75,ais,12610,13248,True,True,,cbe4ad26fe73f118t,MEDIUM,,,,,,1,,,610,448,586,1.0
754,,,33.5,ais,12710,12825,True,True,,cbe4ad26fe73f118t,MEDIUM,,,,,,1,,,710,25,586,1.0
755,,,30.866666793333334,ais,12592,12885,True,True,,cbe4ad26fe73f118t,MEDIUM,,,,,,1,,,592,85,586,1.0
756,,,33.5,ais,12782,12946,True,True,,cbe4ad26fe73f118t,MEDIUM,,,,,,1,,,782,146,586,1.0
757,,,36.0,ais,12682,13270,True,True,,cbe4ad26fe73f118t,MEDIUM,,,,,,1,,,682,470,586,1.0
758,,,33.0,ais,12735,19293,True,True,,cbe4ad26fe73f118t,MEDIUM,,,,,,1,,,735,93,594,1.0
759,,,29.866666793333334,ais,12518,19215,True,True,,cbe4ad26fe73f118t,MEDIUM,,,,,,1,,,518,15,594,1.0
760,,,31.0,ais,12559,20398,True,True,,cbe4ad26fe73f118t,MEDIUM,,,,,,1,,,559,398,595,1.0
761,,,28.5,ais,12677,26542,True,True,,cbe4ad26fe73f118t,MEDIUM,,,,,,1,,,677,142,603,1.0
762,,,24.0,ais,13058,5741,True,True,,cbe4ad26fe73f118t,MEDIUM,,,,,,1,,,258,141,615,1.0
763,,,27.575000000000003,ais,12939,6350,True,True,,cbe4ad26fe73f118t,MEDIUM,,,,,,1,,,139,750,615,1.0
764,,,27.126666463333333,ais,13096,5646,True,True,,cbe4ad26fe73f118t,MEDIUM,,,,,,1,,,296,46,615,1.0
765,,,26.0,ais,12926,6584,True,True,,cbe4ad26fe73f118t,MEDIUM,,,,,,1,,,126,184,616,1.0
766,,,28.38000028,ais,12816,6444,True,True,,cbe4ad26fe73f118t,MEDIUM,,,,,,1,,,16,44,616,1.0
767,,,23.5,ais,12856,7900,True,True,,cbe4ad26fe73f118t,MEDIUM,,,,,,1,,,56,700,617,1.0
768,,,27.566666413333333,ais,12980,7608,True,True,,cbe4ad26fe73f118t,MEDIUM,,,,,,1,,,180,408,617,1.0
769,,,16.06769110978281,ais,13465,8893,,,,cbe4ad26fe73f118t,LOW,,,,,,1,,,665,93,619,0.1
770,,,11.801603957226924,ais,12936,10203,,,,cbe4ad26fe73f118t,LOW,,,,,,1,,,136,603,620,0.1
771,,,36.0,ais,12890,12693,True,True,,cbe4ad26fe73f118t,MEDIUM,,,,,,1,,,90,693,623,1.0
772,,,34.400000765,ais,12805,12752,True,True,,cbe4ad26fe73f118t,MEDIUM,,,,,,1,,,5,752,623,1.0
773,,,32.0,ais,12968,13163,True,True,,cbe4ad26fe73f118t,MEDIUM,,,,,,1,,,168,363,624,1.0
774,,,32.5,ais,12959,13264,True,True,,cbe4ad26fe73f118t,MEDIUM,,,,,,1,,,159,464,624,1.0
775,,,31.5,ais,12814,13303,True,True,,cbe4ad26fe73f118t,MEDIUM,,,,,,1,,,14,503,624,1.0
776,,,30.0,ais,12838,13514,True,True,,cbe4ad26fe73f118t,MEDIUM,,,,,,1,,,38,714,624,1.0
777,,,33.0,ais,13044,13016,True,True,,cbe4ad26fe73f118t,MEDIUM,,,,,,1,,,244,216,624,1.0
778,,,31.5,ais,12942,13260,True,True,,cbe4ad26fe73f118t,MEDIUM,,,,,,1,,,142,460,624,1.0
779,,,27.19333351,ais,12847,13259,True,True,,cbe4ad26fe73f118t,MEDIUM,,,,,,1,,,47,459,624,1.0
780,,,36.200000380000006,ais,12900,12835,True,True,,cbe4ad26fe73f118t,MEDIUM,,,,,,1,,,100,35,624,1.0
781,,,10.46,ais,13489,13983,True,True,,cbe4ad26fe73f118t,MEDIUM,,,,,,1,,,689,383,625,1.0
782,,,15.97,ais,13569,14503,True,True,,cbe4ad26fe73f118t,MEDIUM,,,,,,1,,,769,103,626,1.0
783,,,106.5365960418381,ais,13140,15661,True,False,,cbe4ad26fe73f118t,MEDIUM,,,,,,2,,,340,461,627,1.0
784,,,15.010000115,ais,13428,15649,True,True,,cbe4ad26fe73f118t,MEDIUM,,,,,,1,,,628,449,627,1.0
785,,,30.862500095,ais,13340,16914,True,True,,cbe4ad26fe73f118t,MEDIUM,,,,,,1,,,540,114,629,1.0
786,,,20.76433820693449,ais,13512,18101,,,,cbe4ad26fe73f118t,LOW,,,,,,1,,,712,501,630,0.1
787,,,34.799999619999994,ais,12891,19374,True,True,,cbe4ad26fe73f118t,MEDIUM,,,,,,1,,,91,174,632,1.0
788,,,35.599999235,ais,12987,19692,True,True,,cbe4ad26fe73f118t,MEDIUM,,,,,,1,,,187,492,632,1.0
789,,,29.866666793333334,ais,12850,19257,True,True,,cbe4ad26fe73f118t,MEDIUM,,,,,,1,,,50,57,632,1.0
790,,,16.0,ais,13193,20603,True,True,,cbe4ad26fe73f118t,MEDIUM,,,,,,1,,,393,603,633,1.0
791,,,31.600000190000003,ais,13202,20280,True,True,,cbe4ad26fe73f118t,MEDIUM,,,,,,1,,,402,280,633,1.0
792,,,32.5,ais,13475,20889,True,True,,cbe4ad26fe73f118t,MEDIUM,,,,,,1,,,675,89,634,1.0
793,,,22.132259656684464,ais,13013,26248,,,,cbe4ad26fe73f118t,LOW,,,,,,1,,,213,648,640,0.1
794,,,16.62810952443636,ais,12810,26300,,,,cbe4ad26fe73f118t,LOW,,,,,,1,,,10,700,640,0.1
795,,,25.775,ais,14187,13800,,,,cbe4ad26fe73f118t,LOW,,,,,,1,,,587,200,663,0.1
796,,,15.010000115,ais,14196,14279,,,,cbe4ad26fe73f118t,LOW,,,,,,1,,,596,679,663,0.1
797,,,27.5,ais,13879,15881,True,True,,cbe4ad26fe73f118t,MEDIUM,,,,,,1,,,279,681,665,1.0
798,,,26.0575000575,ais,13606,16974,True,True,,cbe4ad26fe73f118t,MEDIUM,,,,,,1,,,6,174,667,1.0
799,,,30.0,ais,14366,24414,True,True,,cbe4ad26fe73f118t,MEDIUM,,,,,,1,,,766,414,676,1.0
800,,,28.0,ais,14005,25740,True,True,,cbe4ad26fe73f118t,MEDIUM,,,,,,1,,,405,140,678,1.0
801,,,23.72666659,ais,14962,13863,True,True,,cbe4ad26fe73f118t,MEDIUM,,,,,,1,,,562,263,701,1.0
802,,,19.0,ais,14780,16110,True,True,,cbe4ad26fe73f118t,MEDIUM,,,,,,1,,,380,110,704,1.0
803,,,27.5,ais,14841,24685,True,True,,cbe4ad26fe73f118t,MEDIUM,,,,,,1,,,441,685,714,1.0
804,,,92.04293224074864,ais,15561,26061,True,False,,cbe4ad26fe73f118t,MEDIUM,,,,,,2,,,361,461,754,1.0
805,,,96.05046792365216,ais,15612,25886,True,False,,cbe4ad26fe73f118t,MEDIUM,,,,,,2,,,412,286,754,1.0
806,,,182.25993796447472,ais,15453,26142,True,False,,cbe4ad26fe73f118t,MEDIUM,,,,,,2,,,253,542,754,1.0
807,,,12.96412915446383,ais,1155,6459,True,True,,e98ca5aba8849b06t,MEDIUM,,,,,,1,,,355,59,46,1.0
808,,,114.25403135700316,ais,2208,11835,True,False,,e98ca5aba8849b06t,MEDIUM,,,,,,2,,,608,635,90,1.0
809,,,115.04274913913764,ais,2968,10324,True,False,,e98ca5aba8849b06t,MEDIUM,,,,,,2,,,568,724,126,1.0
810,,,26.22,ais,2433,10655,False,,,e98ca5aba8849b06t,HIGH,,,,,,3,,,33,255,127,1.0
811,,,109.83434650778528,ais,2487,12412,True,False,,e98ca5aba8849b06t,MEDIUM,,,,,,2,,,87,412,129,1.0
812,,,9.88,ais,2905,12612,True,True,,e98ca5aba8849b06t,MEDIUM,,,,,,1,,,505,612,129,1.0
813,,,17.641138882290736,ais,2503,12968,True,True,,e98ca5aba8849b06t,MEDIUM,,,,,,1,,,103,168,130,1.0
814,,,152.56855557070267,ais,3584,9474,True,False,,e98ca5aba8849b06t,MEDIUM,,,,,,2,,,384,674,163,1.0
815,,,104.20817286069172,ais,3814,9827,True,False,,e98ca5aba8849b06t,MEDIUM,,,,,,2,,,614,227,164,1.0
816,,,24.5,ais,3770,11570,True,True,,e98ca5aba8849b06t,MEDIUM,,,,,,1,,,570,370,166,1.0
817,,,133.1491702536853,ais,3337,15144,True,False,,e98ca5aba8849b06t,MEDIUM,,,,,,2,,,137,744,170,1.0
818,,,18.198779415547623,ais,4548,7155,True,True,,e98ca5aba8849b06t,MEDIUM,,,,,,1,,,548,755,198,1.0
819,,,206.43955242700275,ais,4798,14531,True,False,,e98ca5aba8849b06t,MEDIUM,,,,,,2,,,798,131,208,1.0
820,,,189.2505789021372,ais,4139,15373,True,False,,e98ca5aba8849b06t,MEDIUM,,,,,,2,,,139,173,209,1.0
821,,,14.99,ais,4826,8642,True,True,,e98ca5aba8849b06t,MEDIUM,,,,,,1,,,26,642,238,1.0
822,,,12.95,ais,5094,10848,True,True,,e98ca5aba8849b06t,MEDIUM,,,,,,1,,,294,448,241,1.0
823,,,22.25,ais,4951,12323,True,True,,e98ca5aba8849b06t,MEDIUM,,,,,,1,,,151,323,243,1.0
824,,,209.3538425986991,ais,5567,13257,True,False,,e98ca5aba8849b06t,MEDIUM,,,,,,2,,,767,457,244,1.0
825,,,168.41245671665652,ais,4941,15964,True,False,,e98ca5aba8849b06t,MEDIUM,,,,,,2,,,141,764,247,1.0
826,,,171.6608121113523,ais,5171,25808,True,False,,e98ca5aba8849b06t,MEDIUM,,,,,,2,,,371,208,260,1.0
827,,,136.2091034346895,ais,5133,26804,True,False,,e98ca5aba8849b06t,MEDIUM,,,,,,2,,,333,404,261,1.0
828,,,152.2209155409458,ais,5524,27174,True,False,,e98ca5aba8849b06t,MEDIUM,,,,,,2,,,724,774,261,1.0
829,,,31.81923453049584,ais,6126,6072,True,False,,e98ca5aba8849b06t,MEDIUM,,,,,,2,,,526,472,273,1.0
830,,,211.95727683623463,ais,5731,7716,True,False,,e98ca5aba8849b06t,MEDIUM,,,,,,2,,,131,516,275,1.0
831,,,170.90889339068,ais,5768,21135,True,False,,e98ca5aba8849b06t,MEDIUM,,,,,,2,,,168,335,292,1.0
832,,,360.0,ais,6104,24355,True,False,,e98ca5aba8849b06t,MEDIUM,,,,,,2,,,504,355,296,1.0
833,,,162.0,ais,5808,24326,True,False,,e98ca5aba8849b06t,MEDIUM,,,,,,2,,,208,326,296,1.0
834,,,197.1159069863321,ais,5624,25067,True,False,,e98ca5aba8849b06t,MEDIUM,,,,,,2,,,24,267,297,1.0
835,,,150.85779572326447,ais,5837,25033,True,False,,e98ca5aba8849b06t,MEDIUM,,,,,,2,,,237,233,297,1.0
836,,,131.37593571536144,ais,5786,28883,True,False,,e98ca5aba8849b06t,MEDIUM,,,,,,2,,,186,83,302,1.0
837,,,35.40458930439712,ais,6860,7738,True,True,,e98ca5aba8849b06t,MEDIUM,,,,,,1,,,460,538,313,1.0
838,,,271.9812360544898,ais,7132,9880,True,False,,e98ca5aba8849b06t,MEDIUM,,,,,,2,,,732,280,316,1.0
839,,,220.99027726517696,ais,6406,14075,True,False,,e98ca5aba8849b06t,MEDIUM,,,,,,2,,,6,475,321,1.0
840,,,149.5,ais,7126,23868,True,False,,e98ca5aba8849b06t,MEDIUM,,,,,,2,,,726,668,333,1.0
841,,,182.45929487577047,ais,6485,24119,True,False,,e98ca5aba8849b06t,MEDIUM,,,,,,2,,,85,119,334,1.0
842,,,78.52347359198468,ais,6593,28185,True,False,,e98ca5aba8849b06t,MEDIUM,,,,,,2,,,193,185,339,1.0
843,,,,ais,7779,9675,,,,e98ca5aba8849b06t,LOW,,,,,,1,,,579,75,354,0.1
844,,,22.5,ais,7246,10060,True,True,,e98ca5aba8849b06t,MEDIUM,,,,,,1,,,46,460,354,1.0
845,,,22.75,ais,7324,11978,True,True,,e98ca5aba8849b06t,MEDIUM,,,,,,1,,,124,778,356,1.0
846,,,27.971365091884905,ais,7589,11553,True,True,,e98ca5aba8849b06t,MEDIUM,,,,,,1,,,389,353,356,1.0
847,,,26.15,ais,7594,12294,True,True,,e98ca5aba8849b06t,MEDIUM,,,,,,1,,,394,294,357,1.0
848,,,225.91522877219663,ais,7712,21371,True,False,,e98ca5aba8849b06t,MEDIUM,,,,,,2,,,512,571,368,1.0
849,,,81.61495541243481,ais,7550,22333,True,False,,e98ca5aba8849b06t,MEDIUM,,,,,,2,,,350,733,369,1.0
850,,,70.30697829070667,ais,7870,25906,True,False,,e98ca5aba8849b06t,MEDIUM,,,,,,2,,,670,306,374,1.0
851,,,207.4214509024129,ais,8539,10886,True,False,,e98ca5aba8849b06t,MEDIUM,,,,,,2,,,539,486,393,1.0
852,,,22.21,ais,8142,11704,True,True,,e98ca5aba8849b06t,MEDIUM,,,,,,1,,,142,504,394,1.0
853,,,22.82,ais,8116,12571,True,True,,e98ca5aba8849b06t,MEDIUM,,,,,,1,,,116,571,395,1.0
854,,,13.642704311923634,ais,8706,14446,,,,e98ca5aba8849b06t,LOW,,,,,,1,,,706,46,398,0.1
855,,,202.4101545769973,ais,8121,15734,True,False,,e98ca5aba8849b06t,MEDIUM,,,,,,2,,,121,534,399,1.0
856,,,299.0,ais,8788,19523,True,False,,e98ca5aba8849b06t,MEDIUM,,,,,,2,,,788,323,404,1.0
857,,,137.19573379372295,ais,8264,20727,True,False,,e98ca5aba8849b06t,MEDIUM,,,,,,2,,,264,727,405,1.0
858,,,148.43836608266054,ais,8545,23845,True,False,,e98ca5aba8849b06t,MEDIUM,,,,,,2,,,545,645,409,1.0
859,,,18.35,ais,8157,23266,True,True,,e98ca5aba8849b06t,MEDIUM,,,,,,1,,,157,66,409,1.0
860,,,172.88360611127527,ais,8861,5553,True,False,,e98ca5aba8849b06t,MEDIUM,,,,,,2,,,61,753,424,1.0
861,,,,ais,8823,8547,,,,e98ca5aba8849b06t,LOW,,,,,,1,,,23,547,428,0.1
862,,,21.22,ais,8837,9455,True,True,,e98ca5aba8849b06t,MEDIUM,,,,,,1,,,37,655,429,1.0
863,,,23.33,ais,9334,9866,True,True,,e98ca5aba8849b06t,MEDIUM,,,,,,1,,,534,266,430,1.0
864,,,155.65277761361898,ais,9165,14358,True,False,,e98ca5aba8849b06t,MEDIUM,,,,,,2,,,365,758,435,1.0
865,,,282.68849009038985,ais,9572,18160,True,False,,e98ca5aba8849b06t,MEDIUM,,,,,,2,,,772,560,440,1.0
866,,,164.42237017381828,ais,9083,19697,True,False,,e98ca5aba8849b06t,MEDIUM,,,,,,2,,,283,497,442,1.0
867,,,15.296116903857891,ais,9230,19425,,,,e98ca5aba8849b06t,LOW,,,,,,1,,,430,225,442,0.1
868,,,102.02014220557336,ais,9005,20438,True,False,,e98ca5aba8849b06t,MEDIUM,,,,,,2,,,205,438,443,1.0
869,,,116.50491428139816,ais,9091,23054,True,False,,e98ca5aba8849b06t,MEDIUM,,,,,,2,,,291,654,446,1.0
870,,,89.00538473466237,ais,9264,23236,True,False,,e98ca5aba8849b06t,MEDIUM,,,,,,2,,,464,36,447,1.0
871,,,24.95,ais,9947,11184,True,True,,e98ca5aba8849b06t,MEDIUM,,,,,,1,,,347,784,469,1.0
872,,,24.99,ais,10221,11135,True,True,,e98ca5aba8849b06t,MEDIUM,,,,,,1,,,621,735,469,1.0
873,,,168.64824456120732,ais,9815,15882,True,False,,e98ca5aba8849b06t,MEDIUM,,,,,,2,,,215,682,475,1.0
874,,,215.32949957141668,ais,10337,16672,True,False,,e98ca5aba8849b06t,MEDIUM,,,,,,2,,,737,672,476,1.0
875,,,124.31643864563183,ais,9907,18424,True,False,,e98ca5aba8849b06t,MEDIUM,,,,,,2,,,307,24,479,1.0
876,,,159.53345960434777,ais,10248,21199,True,False,,e98ca5aba8849b06t,MEDIUM,,,,,,2,,,648,399,482,1.0
877,,,189.93297794021927,ais,9604,21940,True,False,,e98ca5aba8849b06t,MEDIUM,,,,,,2,,,4,340,483,1.0
878,,,24.99,ais,10411,10994,True,True,,e98ca5aba8849b06t,MEDIUM,,,,,,1,,,11,594,507,1.0
879,,,115.35812199265096,ais,10437,21139,True,False,,e98ca5aba8849b06t,MEDIUM,,,,,,2,,,37,339,520,1.0
880,,,87.92126109096901,ais,10839,20952,True,False,,e98ca5aba8849b06t,MEDIUM,,,,,,2,,,439,152,520,1.0
881,,,188.3562897706512,ais,11231,13256,True,False,,e98ca5aba8849b06t,MEDIUM,,,,,,2,,,31,456,548,1.0
882,,,103.74456511742385,ais,11792,14769,True,False,,e98ca5aba8849b06t,MEDIUM,,,,,,2,,,592,369,550,1.0
883,,,185.102265184024,ais,11554,15404,True,False,,e98ca5aba8849b06t,MEDIUM,,,,,,2,,,354,204,551,1.0
884,,,16.024179125360323,ais,11315,17821,,,,e98ca5aba8849b06t,LOW,,,,,,1,,,115,221,554,0.1
885,,,267.81411074312666,ais,11699,18309,True,False,,e98ca5aba8849b06t,MEDIUM,,,,,,2,,,499,709,554,1.0
886,,,222.8947021230688,ais,11762,17727,True,False,,e98ca5aba8849b06t,MEDIUM,,,,,,2,,,562,127,554,1.0
887,,,86.71679924887637,ais,12729,5202,,,,e98ca5aba8849b06t,LOW,,,,,,1,,,729,402,576,0.1
888,,,14.720943389508244,ais,12419,10683,,,,e98ca5aba8849b06t,LOW,,,,,,1,,,419,283,583,0.1
889,,,152.26463179903126,ais,12401,13019,True,False,,e98ca5aba8849b06t,MEDIUM,,,,,,2,,,401,219,586,1.0
890,,,121.993767410677,ais,12749,12890,True,False,,e98ca5aba8849b06t,MEDIUM,,,,,,2,,,749,90,586,1.0
891,,,23.93,ais,12236,14222,True,True,,e98ca5aba8849b06t,MEDIUM,,,,,,1,,,236,622,587,1.0
892,,,,ais,12009,15297,,,,e98ca5aba8849b06t,LOW,,,,,,1,,,9,97,589,0.1
893,,,124.8296508357371,ais,12786,17187,True,False,,e98ca5aba8849b06t,MEDIUM,,,,,,2,,,786,387,591,1.0
894,,,10.88,ais,12203,17641,,,,e98ca5aba8849b06t,LOW,,,,,,1,,,203,41,592,0.1
895,,,107.302285897877,ais,12068,18638,True,False,,e98ca5aba8849b06t,MEDIUM,,,,,,2,,,68,238,593,1.0
896,,,,ais,13473,10663,,,,e98ca5aba8849b06t,LOW,,,,,,1,,,673,263,621,0.1
897,,,96.54794054278072,ais,13002,11507,True,False,,e98ca5aba8849b06t,MEDIUM,,,,,,2,,,202,307,622,1.0
898,,,112.44061174336096,ais,13122,12407,True,False,,e98ca5aba8849b06t,MEDIUM,,,,,,2,,,322,407,623,1.0
899,,,,ais,13326,14908,,,,e98ca5aba8849b06t,LOW,,,,,,1,,,526,508,626,0.1
900,,,173.35324614590252,ais,13131,16301,True,False,,e98ca5aba8849b06t,MEDIUM,,,,,,2,,,331,301,628,1.0
901,,,168.41151152443152,ais,14018,10448,True,False,,e98ca5aba8849b06t,MEDIUM,,,,,,2,,,418,48,659,1.0
902,,,102.00819308824065,ais,13630,11049,True,False,,e98ca5aba8849b06t,MEDIUM,,,,,,2,,,30,649,659,1.0
903,,,15.5,ais,14275,13547,,,,e98ca5aba8849b06t,LOW,,,,,,1,,,675,747,662,0.1
904,,,171.24439004441305,ais,13777,14819,True,False,,e98ca5aba8849b06t,MEDIUM,,,,,,2,,,177,419,664,1.0
905,,,193.09769161333668,ais,14735,8324,True,False,,e98ca5aba8849b06t,MEDIUM,,,,,,2,,,335,324,694,1.0
906,,,,ais,14483,13011,,,,e98ca5aba8849b06t,LOW,,,,,,1,,,83,211,700,0.1
907,,,235.37936073969524,ais,14731,13454,True,False,,e98ca5aba8849b06t,MEDIUM,,,,,,2,,,331,654,700,1.0
908,,,181.64941480668296,ais,14940,12918,True,False,,e98ca5aba8849b06t,MEDIUM,,,,,,2,,,540,118,700,1.0
909,,,193.7964530756853,ais,14537,13123,True,False,,e98ca5aba8849b06t,MEDIUM,,,,,,2,,,137,323,700,1.0
910,,,109.0,ais,15531,9345,True,False,,e98ca5aba8849b06t,MEDIUM,,,,,,2,,,331,545,733,1.0
911,,,52.86262179042295,ais,15901,18025,True,False,,e98ca5aba8849b06t,MEDIUM,,,,,,2,,,701,425,744,1.0
912,,,18.345287647108105,ais,15788,25039,,,,e98ca5aba8849b06t,LOW,,,,,,1,,,588,239,753,0.1
913,,,22.8,ais,16626,4592,,,,e98ca5aba8849b06t,LOW,,,,,,1,,,626,592,765,0.1
914,,,22.0,ais,16647,6990,True,True,,e98ca5aba8849b06t,MEDIUM,,,,,,1,,,647,590,768,1.0
915,,,23.5,ais,16717,7344,True,True,,e98ca5aba8849b06t,MEDIUM,,,,,,1,,,717,144,769,1.0
916,,,146.46322730216,ais,16434,9056,True,False,,e98ca5aba8849b06t,MEDIUM,,,,,,2,,,434,256,771,1.0
917,,,63.27012595452144,ais,16554,10885,True,False,,e98ca5aba8849b06t,MEDIUM,,,,,,2,,,554,485,773,1.0
918,,,133.92150363595331,ais,16214,11390,True,False,,e98ca5aba8849b06t,MEDIUM,,,,,,2,,,214,190,774,1.0
919,,,33.09,ais,17020,3614,,,,e98ca5aba8849b06t,LOW,,,,,,1,,,220,414,802,0.1
920,,,157.75603044385,ais,17389,10646,True,False,,e98ca5aba8849b06t,MEDIUM,,,,,,2,,,589,246,811,1.0
921,,,127.3977190901077,ais,17546,10788,True,False,,e98ca5aba8849b06t,MEDIUM,,,,,,2,,,746,388,811,1.0
922,,,24.95,ais,16970,10676,True,True,,e98ca5aba8849b06t,MEDIUM,,,,,,1,,,170,276,811,1.0
923,,,85.93560513436135,ais,17531,13763,True,False,,e98ca5aba8849b06t,MEDIUM,,,,,,2,,,731,163,815,1.0
924,,,16.95,ais,17481,17759,,,,e98ca5aba8849b06t,LOW,,,,,,1,,,681,159,820,0.1
925,,,18.04741307258932,ais,16801,19325,,,,e98ca5aba8849b06t,LOW,,,,,,1,,,1,125,822,0.1
926,,,13.6,ais,18131,16559,True,True,,e98ca5aba8849b06t,MEDIUM,,,,,,1,,,531,559,856,1.0
927,,,19.0,ais,17771,18033,False,,,e98ca5aba8849b06t,HIGH,,,,,,3,,,171,433,858,1.0
928,,,16.5,ais,19398,17165,,,,e98ca5aba8849b06t,LOW,,,,,,1,,,198,365,933,0.1
929,,,28.438625959198163,ais,20497,19755,True,False,,e98ca5aba8849b06t,MEDIUM,,,,,,2,,,497,555,974,1.0
